episode, reward, reward_tard, reward_setup, SSPT, ATCS, MDD, COVERT,Avg_tardy,DDT,PT_var
1,-80.97,-93.74,-68.20,25,28,24,23,2.95,1.1,0.2
2,-81.87,-99.35,-64.40,28,19,28,25,10.11,0.8,0.4
3,-79.75,-95.69,-63.80,18,26,34,22,7.97,1.1,0.1
4,-85.41,-99.82,-71.00,29,20,22,29,7.11,0.8,0.1
5,-84.40,-99.60,-69.20,23,27,20,30,5.68,0.9,0.2
6,-81.84,-96.48,-67.20,20,31,17,32,4.61,0.9,0.4
7,-84.30,-99.80,-68.80,17,28,30,25,5.87,0.8,0.3
8,-82.50,-97.01,-68.00,18,27,25,30,5.16,1.0,0.3
9,-80.05,-96.50,-63.60,18,27,21,34,7.79,1.2,0.1
10,-84.92,-99.65,-70.20,12,21,25,42,10.65,0.9,0.2
11,-82.47,-99.54,-65.40,20,19,24,37,10.13,0.8,0.4
12,-84.60,-98.39,-70.80,16,18,35,31,10.39,1.1,0.2
13,-84.68,-99.96,-69.40,21,25,29,25,5.55,0.8,0.1
14,-83.37,-97.33,-69.40,29,16,27,28,11.91,1.1,0.2
15,-83.24,-99.49,-67.00,27,17,28,28,8.37,0.9,0.1
16,-77.72,-85.45,-70.00,25,27,22,26,2.30,1.1,0.4
17,-77.15,-85.11,-69.20,20,21,27,32,10.99,1.2,0.5
18,-84.50,-99.81,-69.20,14,33,17,36,9.15,0.9,0.2
19,-83.67,-99.74,-67.60,25,26,19,30,7.82,0.9,0.1
20,-83.92,-99.64,-68.20,19,24,24,33,11.39,0.9,0.3
21,-81.73,-92.46,-71.00,16,25,26,33,9.25,1.2,0.2
22,-84.52,-97.64,-71.40,23,24,31,22,6.36,0.9,0.3
23,-82.56,-96.11,-69.00,21,23,28,28,8.26,1.0,0.4
24,-80.09,-95.59,-64.60,28,25,19,28,8.57,1.1,0.4
25,-82.57,-92.54,-72.60,23,19,26,32,3.70,1.0,0.5
26,-82.37,-95.93,-68.80,21,23,21,35,7.30,1.0,0.3
27,-83.44,-98.48,-68.40,24,15,27,34,8.40,1.0,0.2
28,-81.86,-96.52,-67.20,25,22,31,22,8.11,1.1,0.3
29,-86.23,-98.86,-73.60,24,18,17,41,11.10,0.9,0.3
30,-73.62,-83.45,-63.80,26,16,25,33,4.15,1.2,0.4
31,-87.09,-99.78,-74.40,22,23,15,40,10.83,0.9,0.2
32,-78.12,-91.44,-64.80,25,25,14,36,4.88,1.0,0.4
33,-86.00,-99.80,-72.20,27,23,18,32,2.34,0.8,0.1
34,-84.23,-94.66,-73.80,21,24,22,33,2.80,0.9,0.4
35,-78.04,-89.69,-66.40,27,21,23,29,6.04,1.1,0.4
36,-75.37,-81.93,-68.80,23,19,22,36,1.28,1.1,0.4
37,-80.14,-98.48,-61.80,16,37,20,27,11.48,1.0,0.3
38,-82.85,-98.30,-67.40,29,25,15,31,7.16,0.9,0.3
39,-81.90,-92.80,-71.00,21,17,30,32,2.60,1.1,0.3
40,-80.70,-96.80,-64.60,22,31,20,27,5.32,0.9,0.5
41,-76.97,-89.35,-64.60,25,29,24,22,5.11,1.1,0.4
42,-80.93,-96.05,-65.80,29,32,15,24,7.63,1.0,0.4
43,-84.30,-99.81,-68.80,26,30,18,26,4.97,0.8,0.2
44,-82.54,-96.88,-68.20,20,31,24,25,5.20,1.0,0.3
45,-82.12,-98.44,-65.80,26,28,26,20,8.27,0.9,0.4
46,-76.12,-92.43,-59.80,16,37,20,27,10.81,1.1,0.4
47,-79.46,-86.93,-72.00,25,25,23,27,1.27,1.1,0.2
48,-78.54,-93.49,-63.60,20,36,14,30,11.71,1.1,0.3
49,-85.21,-99.83,-70.60,26,28,14,32,5.01,0.8,0.1
50,-82.48,-97.17,-67.80,13,34,15,38,5.65,1.0,0.2
51,-82.66,-95.72,-69.60,13,32,17,38,9.23,1.0,0.3
52,-83.87,-99.53,-68.20,16,30,14,40,11.90,0.8,0.3
53,-83.64,-95.27,-72.00,24,28,23,25,3.42,0.9,0.3
54,-84.26,-97.13,-71.40,19,32,16,33,5.82,0.9,0.5
55,-79.54,-95.09,-64.00,28,28,18,26,7.87,1.1,0.3
56,-81.20,-99.39,-63.00,17,37,13,33,10.67,0.8,0.2
57,-80.42,-96.25,-64.60,20,36,13,31,9.67,1.2,0.2
58,-80.37,-92.13,-68.60,25,30,13,32,3.16,1.0,0.4
59,-82.48,-98.75,-66.20,21,31,19,29,3.73,1.0,0.1
60,-78.90,-92.39,-65.40,18,30,11,41,3.75,1.0,0.4
61,-84.63,-97.66,-71.60,27,24,16,33,5.79,0.9,0.4
62,-81.33,-99.67,-63.00,23,36,13,28,11.62,0.8,0.4
63,-78.76,-87.12,-70.40,28,26,14,32,1.24,1.1,0.4
64,-81.54,-98.67,-64.40,22,36,14,28,5.47,0.9,0.2
65,-83.50,-99.00,-68.00,23,28,26,23,0.73,0.8,0.3
66,-81.44,-99.67,-63.20,21,30,15,34,10.38,0.9,0.2
67,-82.46,-96.32,-68.60,24,23,19,34,9.33,1.0,0.4
68,-79.55,-92.09,-67.00,25,25,19,31,5.06,1.0,0.5
69,-85.85,-99.69,-72.00,26,32,22,20,4.44,0.9,0.1
70,-81.04,-95.07,-67.00,28,27,16,29,13.57,1.2,0.4
71,-78.39,-88.98,-67.80,25,22,19,34,4.67,1.0,0.3
72,-74.23,-86.65,-61.80,30,26,17,27,7.82,1.2,0.3
73,-83.33,-99.26,-67.40,22,31,25,22,5.92,0.9,0.2
74,-80.87,-99.95,-61.80,30,35,14,21,9.70,0.8,0.1
75,-76.47,-90.55,-62.40,29,34,21,16,13.93,1.2,0.5
76,-77.30,-94.19,-60.40,34,25,17,24,7.74,1.1,0.3
77,-79.00,-85.01,-73.00,21,31,26,22,2.81,1.2,0.4
78,-80.26,-99.51,-61.00,26,37,11,26,14.16,1.0,0.1
79,-76.18,-82.36,-70.00,35,28,17,20,2.96,1.2,0.3
80,-82.71,-98.21,-67.20,26,31,22,21,7.78,0.8,0.3
81,-80.31,-93.63,-67.00,22,33,25,20,5.28,1.0,0.3
82,-80.48,-90.17,-70.80,18,36,25,21,1.36,1.2,0.3
83,-75.42,-87.25,-63.60,22,36,19,23,9.62,1.2,0.5
84,-82.17,-99.14,-65.20,27,46,12,15,4.60,0.9,0.2
85,-81.97,-99.74,-64.20,32,28,22,18,2.16,0.8,0.2
86,-76.04,-88.27,-63.80,31,28,22,19,5.98,1.1,0.5
87,-78.00,-88.59,-67.40,29,32,21,18,6.15,1.1,0.3
88,-84.84,-99.48,-70.20,29,33,25,13,6.00,0.9,0.1
89,-79.21,-92.02,-66.40,28,25,31,16,3.71,1.0,0.3
90,-84.12,-96.44,-71.80,17,31,32,20,4.17,1.0,0.3
91,-81.69,-96.19,-67.20,29,31,26,14,5.95,0.9,0.3
92,-82.61,-97.03,-68.20,20,37,26,17,7.64,1.0,0.2
93,-80.00,-99.80,-60.20,24,32,23,21,6.34,0.8,0.2
94,-81.79,-97.38,-66.20,19,38,27,16,4.95,1.1,0.1
95,-78.66,-95.53,-61.80,28,34,22,16,5.48,1.1,0.2
96,-78.16,-97.51,-58.80,23,47,24,6,11.57,1.0,0.4
97,-79.65,-95.11,-64.20,31,34,22,13,11.49,1.2,0.2
98,-82.75,-99.89,-65.60,30,43,18,9,13.42,0.9,0.1
99,-84.23,-99.85,-68.60,24,32,24,20,3.30,0.8,0.2
100,-82.10,-98.19,-66.00,34,30,22,14,2.01,1.0,0.1
101,-82.53,-92.66,-72.40,18,30,27,25,2.38,1.1,0.1
102,-80.60,-99.80,-61.40,25,34,29,12,9.23,0.8,0.3
103,-79.31,-96.03,-62.60,28,37,17,18,6.40,1.0,0.2
104,-80.13,-99.26,-61.00,19,43,29,9,10.46,0.9,0.3
105,-85.67,-99.73,-71.60,24,34,26,16,0.48,0.9,0.2
106,-82.34,-99.88,-64.80,17,38,28,17,8.33,0.8,0.1
107,-81.19,-99.39,-63.00,21,42,31,6,13.27,0.9,0.2
108,-81.33,-98.26,-64.40,28,31,36,5,4.72,0.9,0.2
109,-78.55,-93.51,-63.60,25,35,32,8,6.97,1.2,0.2
110,-78.35,-91.11,-65.60,13,33,40,14,6.82,1.1,0.3
111,-81.52,-94.84,-68.20,28,29,31,12,5.23,0.9,0.3
112,-82.55,-97.09,-68.00,19,36,33,12,7.06,1.1,0.1
113,-81.34,-99.67,-63.00,19,38,40,3,12.01,0.9,0.2
114,-85.22,-98.44,-72.00,20,33,40,7,5.98,0.9,0.3
115,-76.61,-88.23,-65.00,13,42,39,6,10.40,1.1,0.4
116,-80.89,-96.18,-65.60,23,34,39,4,12.50,0.9,0.5
117,-79.58,-94.36,-64.80,26,38,25,11,2.50,1.0,0.2
118,-76.60,-99.79,-53.40,13,51,33,3,15.51,0.9,0.3
119,-81.50,-99.80,-63.20,8,45,39,8,11.72,0.8,0.3
120,-76.66,-90.13,-63.20,14,35,46,5,6.94,1.1,0.3
121,-80.36,-99.92,-60.80,10,48,36,6,9.08,0.8,0.2
122,-79.23,-98.07,-60.40,15,52,27,6,5.14,0.9,0.5
123,-79.34,-98.28,-60.40,21,52,24,3,7.20,1.0,0.3
124,-79.25,-97.69,-60.80,14,53,25,8,6.42,0.9,0.4
125,-79.59,-93.38,-65.80,21,44,17,18,3.81,1.0,0.5
126,-82.22,-98.04,-66.40,13,51,28,8,4.51,0.9,0.4
127,-76.88,-97.16,-56.60,7,68,19,6,11.86,1.0,0.4
128,-79.45,-99.90,-59.00,12,58,22,8,6.20,0.8,0.1
129,-77.42,-91.24,-63.60,21,50,22,7,5.13,1.1,0.5
130,-78.00,-93.39,-62.60,18,50,22,10,2.42,1.1,0.2
131,-78.66,-98.73,-58.60,9,66,22,3,8.96,0.9,0.3
132,-77.78,-99.55,-56.00,8,76,12,4,9.18,1.0,0.2
133,-76.32,-98.05,-54.60,9,68,15,8,11.44,1.0,0.3
134,-75.61,-98.81,-52.40,8,79,10,3,8.09,1.0,0.3
135,-80.50,-99.00,-62.00,11,57,24,8,4.49,0.8,0.3
136,-73.90,-95.59,-52.20,7,77,9,7,9.10,1.1,0.3
137,-79.77,-98.74,-60.80,7,61,22,10,4.30,1.0,0.1
138,-76.94,-94.68,-59.20,7,73,14,6,5.14,1.1,0.2
139,-74.86,-94.73,-55.00,9,75,11,5,7.47,1.0,0.3
140,-73.29,-91.57,-55.00,14,59,22,5,6.31,1.2,0.1
141,-76.71,-91.82,-61.60,13,58,16,13,3.70,1.1,0.5
142,-75.30,-93.19,-57.40,7,73,16,4,7.35,1.1,0.3
143,-79.90,-96.39,-63.40,18,61,9,12,3.54,1.0,0.2
144,-73.16,-93.12,-53.20,7,77,12,4,11.90,1.0,0.4
145,-78.23,-88.25,-68.20,20,44,26,10,2.34,1.2,0.2
146,-81.02,-95.04,-67.00,18,44,22,16,1.65,1.0,0.2
147,-78.42,-99.44,-57.40,13,68,16,3,6.43,1.0,0.2
148,-73.16,-88.52,-57.80,13,71,12,4,4.07,1.1,0.5
149,-75.24,-95.49,-55.00,6,77,10,7,7.49,1.0,0.3
150,-83.07,-96.35,-69.80,8,65,20,7,2.39,1.1,0.2
151,-76.73,-98.45,-55.00,7,69,14,10,5.92,1.0,0.2
152,-79.24,-97.28,-61.20,9,75,16,0,4.46,0.8,0.5
153,-72.63,-94.66,-50.60,4,84,8,4,10.77,1.0,0.5
154,-78.22,-99.44,-57.00,13,68,17,2,4.56,0.9,0.3
155,-77.45,-95.50,-59.40,12,63,21,4,4.01,1.1,0.1
156,-74.63,-95.67,-53.60,8,84,6,2,9.79,0.9,0.4
157,-73.77,-87.94,-59.60,13,60,21,6,4.28,1.2,0.3
158,-75.22,-99.44,-51.00,4,87,7,2,9.56,0.9,0.1
159,-74.11,-91.03,-57.20,12,68,15,5,5.87,1.1,0.4
160,-70.53,-94.27,-46.80,4,88,7,1,10.31,1.1,0.4
161,-76.23,-99.66,-52.80,7,81,8,4,9.52,0.8,0.2
162,-78.99,-98.99,-59.00,12,74,14,0,4.92,0.8,0.3
163,-77.17,-99.94,-54.40,5,86,8,1,8.14,0.8,0.1
164,-77.07,-98.13,-56.00,6,79,12,3,8.01,0.9,0.5
165,-75.64,-95.88,-55.40,10,78,8,4,7.30,1.2,0.2
166,-80.38,-94.56,-66.20,19,59,12,10,2.85,1.0,0.5
167,-78.07,-92.13,-64.00,14,65,15,6,2.05,1.1,0.2
168,-73.72,-94.65,-52.80,6,76,13,5,4.62,1.1,0.5
169,-76.33,-99.47,-53.20,6,82,7,5,5.92,0.9,0.1
170,-76.24,-94.47,-58.00,6,78,13,3,6.07,1.1,0.4
171,-74.94,-99.68,-50.20,2,89,7,2,9.27,0.9,0.2
172,-71.42,-93.44,-49.40,3,92,4,1,7.62,1.1,0.4
173,-72.18,-94.17,-50.20,4,92,2,2,6.66,1.0,0.3
174,-75.87,-96.13,-55.60,6,77,12,5,5.87,1.0,0.4
175,-71.05,-93.50,-48.60,3,90,6,1,13.35,1.1,0.2
176,-77.10,-95.99,-58.20,7,85,3,5,4.46,0.9,0.3
177,-71.65,-85.11,-58.20,5,84,6,5,5.75,1.2,0.4
178,-78.85,-99.90,-57.80,6,87,4,3,4.88,0.9,0.2
179,-76.82,-96.03,-57.60,14,77,5,4,3.01,1.0,0.2
180,-75.85,-85.50,-66.20,10,78,9,3,0.50,1.1,0.4
181,-73.39,-93.98,-52.80,4,91,3,2,7.85,1.1,0.4
182,-75.14,-96.28,-54.00,4,91,3,2,3.36,1.1,0.1
183,-75.49,-99.57,-51.40,2,94,2,2,6.12,0.9,0.2
184,-73.91,-99.21,-48.60,3,96,0,1,10.70,0.9,0.3
185,-76.46,-99.92,-53.00,6,90,4,0,4.78,0.8,0.1
186,-77.02,-90.64,-63.40,6,78,10,6,2.54,0.9,0.4
187,-72.86,-88.32,-57.40,7,87,4,2,4.68,1.2,0.4
188,-72.89,-95.18,-50.60,4,89,4,3,7.23,1.0,0.4
189,-77.25,-99.91,-54.60,5,89,3,3,5.04,0.8,0.2
190,-74.95,-92.71,-57.20,8,80,8,4,5.99,1.1,0.1
191,-73.25,-86.50,-60.00,6,83,4,7,3.31,1.1,0.3
192,-74.58,-92.56,-56.60,5,87,5,3,3.79,1.0,0.4
193,-74.94,-96.68,-53.20,4,91,4,1,4.32,0.9,0.4
194,-74.10,-85.99,-62.20,9,82,7,2,4.01,1.1,0.3
195,-72.89,-90.78,-55.00,1,90,2,7,7.83,1.1,0.4
196,-72.29,-94.17,-50.40,4,89,4,3,3.32,1.1,0.1
197,-76.29,-95.39,-57.20,2,91,6,1,4.72,1.0,0.2
198,-70.65,-94.30,-47.00,4,94,1,1,8.99,1.0,0.4
199,-74.55,-99.29,-49.80,3,93,2,2,8.12,0.9,0.2
200,-79.35,-99.89,-58.80,8,84,5,3,3.26,0.8,0.4
201,-76.90,-98.60,-55.20,4,84,7,5,3.85,1.0,0.2
202,-76.53,-95.26,-57.80,10,74,9,7,2.44,0.9,0.5
203,-79.06,-99.92,-58.20,11,84,4,1,3.35,0.8,0.1
204,-75.87,-98.35,-53.40,4,84,9,3,6.56,0.9,0.4
205,-76.49,-88.38,-64.60,7,83,8,2,1.57,1.1,0.5
206,-69.45,-86.71,-52.20,3,94,2,1,4.50,1.2,0.4
207,-76.71,-90.02,-63.40,12,81,5,2,2.30,1.0,0.4
208,-81.37,-96.93,-65.80,10,72,13,5,1.27,0.9,0.4
209,-72.44,-79.69,-65.20,14,76,8,2,0.43,1.2,0.2
210,-77.80,-92.61,-63.00,4,83,7,6,3.13,1.1,0.3
211,-76.31,-96.41,-56.20,8,78,10,4,3.49,1.0,0.3
212,-74.20,-98.39,-50.00,2,93,1,4,10.54,1.0,0.1
213,-79.93,-99.05,-60.80,11,81,8,0,3.19,0.8,0.3
214,-72.28,-88.36,-56.20,6,90,1,3,7.52,1.2,0.3
215,-68.96,-88.92,-49.00,3,96,1,0,6.22,1.2,0.2
216,-74.58,-95.15,-54.00,6,92,1,1,5.40,1.1,0.1
217,-75.99,-97.98,-54.00,2,94,2,2,6.47,1.0,0.2
218,-73.78,-91.17,-56.40,5,92,2,1,4.58,1.1,0.4
219,-76.27,-99.94,-52.60,4,92,3,1,5.61,0.9,0.2
220,-72.95,-90.49,-55.40,5,87,4,4,7.20,1.1,0.4
221,-68.89,-90.77,-47.00,2,97,0,1,9.10,1.1,0.3
222,-72.17,-91.75,-52.60,2,95,3,0,6.42,1.1,0.3
223,-74.45,-86.71,-62.20,7,85,5,3,1.58,1.2,0.4
224,-69.73,-82.87,-56.60,4,92,2,2,4.42,1.2,0.4
225,-75.05,-97.71,-52.40,2,97,0,1,5.98,1.1,0.1
226,-72.88,-94.76,-51.00,3,96,1,0,6.87,1.2,0.2
227,-76.55,-98.49,-54.60,7,88,3,2,5.50,1.0,0.2
228,-71.32,-85.43,-57.20,4,92,1,3,3.26,1.1,0.3
229,-77.46,-94.73,-60.20,4,92,1,3,2.70,1.1,0.4
230,-78.31,-97.02,-59.60,7,86,5,2,3.46,0.9,0.4
231,-81.43,-99.86,-63.00,5,86,8,1,1.49,0.8,0.2
232,-74.16,-99.72,-48.60,3,95,2,0,15.00,0.9,0.1
233,-72.93,-92.06,-53.80,2,94,4,0,8.85,1.2,0.4
234,-75.45,-99.70,-51.20,2,96,2,0,8.07,0.8,0.3
235,-75.29,-99.77,-50.80,3,97,0,0,8.88,0.9,0.1
236,-75.34,-99.68,-51.00,1,98,1,0,5.26,0.9,0.1
237,-73.63,-99.47,-47.80,0,97,3,0,9.54,0.9,0.2
238,-76.54,-98.08,-55.00,7,88,3,2,5.59,0.9,0.3
239,-72.44,-97.27,-47.60,1,95,3,1,6.90,1.0,0.2
240,-75.90,-98.40,-53.40,5,91,3,1,5.29,1.0,0.3
241,-74.40,-99.19,-49.60,2,96,1,1,7.48,1.0,0.2
242,-76.76,-95.12,-58.40,6,92,0,2,2.57,0.9,0.4
243,-77.39,-95.19,-59.60,6,92,1,1,2.59,1.1,0.1
244,-76.88,-99.95,-53.80,5,94,0,1,8.68,0.9,0.1
245,-77.58,-99.55,-55.60,2,96,1,1,6.54,0.9,0.1
246,-73.90,-99.60,-48.20,1,98,1,0,10.79,0.9,0.3
247,-70.08,-89.96,-50.20,4,94,1,1,4.41,1.1,0.5
248,-72.39,-94.19,-50.60,2,96,2,0,9.25,1.1,0.3
249,-72.68,-89.36,-56.00,6,91,3,0,2.81,1.1,0.3
250,-73.82,-96.04,-51.60,5,94,1,0,4.61,0.9,0.4
251,-74.42,-99.85,-49.00,3,96,0,1,5.74,0.9,0.3
252,-74.00,-95.80,-52.20,9,90,0,1,5.14,1.1,0.2
253,-71.76,-91.13,-52.40,2,91,5,2,3.10,1.0,0.5
254,-77.34,-95.08,-59.60,6,89,3,2,2.00,1.1,0.2
255,-71.74,-87.08,-56.40,9,88,1,2,6.56,1.2,0.3
256,-76.94,-85.47,-68.40,12,83,5,0,0.90,1.2,0.2
257,-81.92,-97.63,-66.20,14,82,4,0,1.11,0.8,0.3
258,-75.05,-94.29,-55.80,8,91,1,0,2.83,1.1,0.1
259,-72.17,-91.15,-53.20,8,87,3,2,3.33,0.9,0.4
260,-73.97,-98.73,-49.20,2,97,1,0,9.84,1.0,0.2
261,-75.37,-97.35,-53.40,10,85,3,2,4.15,0.8,0.4
262,-70.88,-79.36,-62.40,11,80,5,4,0.72,1.2,0.4
263,-77.50,-90.20,-64.80,8,81,4,7,1.22,1.1,0.2
264,-73.08,-96.95,-49.20,6,93,0,1,8.68,1.1,0.3
265,-74.06,-98.73,-49.40,2,97,0,1,11.19,1.0,0.1
266,-75.18,-97.16,-53.20,8,89,2,1,3.78,1.0,0.2
267,-73.55,-97.71,-49.40,3,96,1,0,9.10,0.8,0.5
268,-73.11,-99.22,-47.00,5,95,0,0,10.72,1.0,0.1
269,-79.18,-98.16,-60.20,11,87,1,1,3.02,1.0,0.2
270,-70.31,-93.22,-47.40,5,93,1,1,9.90,1.1,0.4
271,-70.00,-93.40,-46.60,3,94,2,1,7.11,1.1,0.4
272,-74.52,-97.65,-51.40,6,87,2,5,5.21,1.1,0.3
273,-73.53,-90.26,-56.80,5,93,1,1,3.48,1.2,0.4
274,-73.34,-90.68,-56.00,9,89,1,1,6.64,1.1,0.4
275,-76.21,-99.81,-52.60,4,94,2,0,7.31,0.9,0.1
276,-74.18,-89.56,-58.80,14,81,0,5,1.54,1.0,0.4
277,-75.30,-97.41,-53.20,6,91,2,1,7.83,1.0,0.2
278,-71.86,-89.13,-54.60,12,85,2,1,3.42,1.1,0.2
279,-75.58,-98.35,-52.80,11,84,4,1,7.05,1.0,0.1
280,-75.16,-98.12,-52.20,8,87,3,2,7.87,0.9,0.4
281,-76.02,-99.44,-52.60,6,92,1,1,8.01,0.9,0.3
282,-72.38,-95.37,-49.40,2,94,4,0,17.03,1.1,0.2
283,-78.49,-99.78,-57.20,10,87,3,0,4.34,0.9,0.2
284,-74.39,-94.77,-54.00,5,88,3,4,4.87,1.2,0.1
285,-74.18,-95.75,-52.60,7,88,4,1,5.63,1.2,0.1
286,-75.27,-87.13,-63.40,10,80,9,1,2.20,1.0,0.5
287,-70.49,-88.79,-52.20,10,89,1,0,4.68,1.2,0.2
288,-78.73,-99.06,-58.40,12,83,4,1,4.08,0.9,0.3
289,-70.19,-90.99,-49.40,5,94,1,0,7.75,1.1,0.5
290,-73.40,-93.40,-53.40,12,78,5,5,4.07,1.1,0.4
291,-77.23,-95.25,-59.20,10,79,5,6,3.40,1.0,0.4
292,-75.25,-99.50,-51.00,7,87,3,3,7.21,0.9,0.2
293,-74.08,-96.15,-52.00,7,89,4,0,10.47,1.1,0.1
294,-69.89,-83.58,-56.20,2,90,6,2,3.10,1.2,0.5
295,-74.87,-97.13,-52.60,2,94,3,1,5.09,1.0,0.2
296,-74.54,-94.68,-54.40,7,82,5,6,4.10,1.0,0.3
297,-74.38,-97.15,-51.60,11,85,3,1,5.82,1.0,0.4
298,-73.97,-95.74,-52.20,7,92,0,1,10.24,1.0,0.3
299,-74.90,-98.21,-51.60,3,91,5,1,6.72,1.0,0.2
300,-77.35,-98.29,-56.40,7,84,6,3,2.85,0.9,0.4
301,-74.69,-91.58,-57.80,8,85,6,1,3.07,1.1,0.4
302,-71.26,-87.31,-55.20,7,87,6,0,4.66,1.2,0.3
303,-75.16,-99.72,-50.60,5,91,2,2,6.58,0.9,0.2
304,-70.76,-90.91,-50.60,6,90,2,2,4.31,1.0,0.5
305,-73.12,-97.63,-48.60,7,88,5,0,8.47,0.9,0.5
306,-76.91,-97.82,-56.00,5,90,4,1,7.56,0.8,0.3
307,-68.51,-91.02,-46.00,2,97,0,1,11.89,1.1,0.5
308,-74.58,-99.55,-49.60,4,92,3,1,11.23,0.8,0.3
309,-72.11,-92.42,-51.80,8,86,3,3,5.03,1.1,0.3
310,-72.70,-89.80,-55.60,7,85,6,2,3.84,1.1,0.1
311,-75.78,-95.57,-56.00,5,90,3,2,5.25,1.0,0.3
312,-70.74,-92.88,-48.60,2,94,2,2,8.50,1.0,0.5
313,-73.31,-93.23,-53.40,3,94,2,1,7.68,1.0,0.5
314,-74.61,-97.21,-52.00,5,89,6,0,9.60,1.0,0.4
315,-71.71,-94.22,-49.20,7,91,2,0,10.11,1.1,0.4
316,-70.72,-94.05,-47.40,2,97,0,1,16.08,1.1,0.1
317,-80.63,-96.25,-65.00,9,85,3,3,0.96,1.0,0.2
318,-71.59,-89.78,-53.40,5,93,1,1,11.06,1.1,0.5
319,-72.53,-95.07,-50.00,6,91,2,1,3.79,1.0,0.3
320,-81.06,-98.32,-63.80,13,84,1,2,4.03,1.0,0.1
321,-75.68,-99.76,-51.60,5,93,2,0,8.92,0.9,0.2
322,-73.37,-94.54,-52.20,6,92,2,0,8.28,1.1,0.1
323,-73.23,-96.26,-50.20,4,91,4,1,7.73,1.0,0.5
324,-72.04,-90.28,-53.80,7,89,2,2,3.86,1.1,0.4
325,-68.70,-85.59,-51.80,8,87,4,1,6.21,1.2,0.4
326,-78.47,-95.53,-61.40,9,86,3,2,3.32,1.0,0.3
327,-75.33,-92.87,-57.80,9,79,6,6,3.40,1.1,0.3
328,-72.64,-93.29,-52.00,4,91,1,4,6.10,1.1,0.2
329,-74.42,-97.25,-51.60,3,94,2,1,13.20,0.8,0.5
330,-75.36,-98.31,-52.40,6,91,3,0,5.87,0.8,0.4
331,-69.99,-82.17,-57.80,11,78,7,4,2.80,1.1,0.5
332,-77.92,-98.44,-57.40,4,93,2,1,5.85,1.0,0.2
333,-72.37,-89.94,-54.80,1,93,4,2,3.00,1.2,0.1
334,-78.49,-99.77,-57.20,4,93,2,1,7.69,0.8,0.2
335,-74.77,-86.34,-63.20,14,75,8,3,1.81,1.1,0.4
336,-74.28,-95.96,-52.60,1,95,1,3,8.16,1.0,0.2
337,-76.54,-89.67,-63.40,15,76,7,2,0.66,1.0,0.4
338,-73.38,-96.35,-50.40,3,96,1,0,8.14,1.1,0.2
339,-74.98,-93.57,-56.40,4,91,3,2,6.72,1.1,0.2
340,-74.86,-99.92,-49.80,3,92,4,1,10.73,0.8,0.2
341,-74.46,-99.91,-49.00,1,95,3,1,8.45,0.8,0.2
342,-80.11,-99.82,-60.40,8,84,6,2,2.42,0.9,0.1
343,-73.82,-99.24,-48.40,3,97,0,0,10.19,1.0,0.3
344,-73.79,-96.77,-50.80,3,92,3,2,7.03,1.0,0.4
345,-73.60,-96.20,-51.00,6,89,3,2,7.47,1.0,0.2
346,-75.46,-98.73,-52.20,3,93,4,0,8.77,0.8,0.5
347,-77.25,-99.51,-55.00,6,88,4,2,6.26,0.8,0.3
348,-77.04,-96.48,-57.60,5,86,6,3,3.47,0.9,0.4
349,-73.77,-99.55,-48.00,3,95,1,1,6.09,0.8,0.3
350,-70.53,-89.87,-51.20,3,93,3,1,7.38,1.0,0.5
351,-77.29,-97.58,-57.00,9,84,5,2,1.96,1.0,0.1
352,-76.38,-92.76,-60.00,8,80,6,6,2.31,0.9,0.4
353,-74.43,-99.06,-49.80,6,90,4,0,7.79,1.0,0.2
354,-74.74,-97.67,-51.80,2,88,9,1,6.99,0.9,0.3
355,-72.48,-97.77,-47.20,1,96,3,0,12.36,1.0,0.5
356,-71.97,-85.53,-58.40,7,85,7,1,2.02,1.2,0.5
357,-70.59,-87.98,-53.20,7,89,1,3,3.19,1.1,0.3
358,-73.29,-97.77,-48.80,3,94,3,0,11.80,1.0,0.3
359,-78.44,-97.27,-59.60,7,89,4,0,1.53,0.8,0.4
360,-62.99,-70.39,-55.60,8,83,6,3,1.52,1.1,0.5
361,-75.43,-98.66,-52.20,4,91,5,0,5.14,1.0,0.2
362,-70.61,-85.02,-56.20,4,87,6,3,5.29,1.1,0.4
363,-78.17,-96.13,-60.20,5,85,6,4,3.28,0.9,0.3
364,-76.09,-89.78,-62.40,11,82,6,1,2.21,1.1,0.2
365,-72.24,-88.28,-56.20,5,93,2,0,4.49,1.2,0.3
366,-71.50,-83.80,-59.20,4,89,5,2,3.41,1.2,0.4
367,-73.61,-92.62,-54.60,5,91,4,0,2.19,1.1,0.3
368,-71.79,-90.58,-53.00,2,92,5,1,7.12,1.2,0.3
369,-73.36,-88.72,-58.00,11,75,11,3,2.51,1.0,0.5
370,-75.92,-97.04,-54.80,5,89,6,0,3.74,1.0,0.2
371,-71.39,-88.19,-54.60,3,93,3,1,6.77,1.2,0.2
372,-73.31,-96.02,-50.60,3,92,4,1,5.43,1.0,0.5
373,-76.46,-96.92,-56.00,4,92,3,1,7.50,0.8,0.4
374,-70.48,-90.36,-50.60,5,90,4,1,7.99,1.1,0.4
375,-73.11,-98.41,-47.80,6,93,0,1,9.71,1.0,0.1
376,-73.98,-99.56,-48.40,4,92,4,0,10.60,0.9,0.2
377,-69.16,-87.72,-50.60,1,94,3,2,12.69,1.2,0.4
378,-71.28,-91.36,-51.20,5,87,6,2,4.80,1.1,0.5
379,-74.94,-96.88,-53.00,2,96,1,1,7.03,0.9,0.4
380,-75.31,-95.42,-55.20,2,97,0,1,5.24,1.1,0.1
381,-67.70,-83.40,-52.00,8,86,3,3,7.62,1.1,0.4
382,-76.91,-95.82,-58.00,9,87,3,1,3.28,1.1,0.1
383,-71.12,-95.04,-47.20,4,92,3,1,10.15,1.1,0.2
384,-78.77,-93.34,-64.20,12,79,5,4,2.03,1.1,0.3
385,-73.50,-98.40,-48.60,6,88,3,3,13.50,0.9,0.3
386,-77.88,-95.56,-60.20,10,79,5,6,2.83,1.0,0.4
387,-71.93,-96.26,-47.60,4,94,1,1,10.40,1.1,0.3
388,-70.72,-88.24,-53.20,2,92,5,1,9.18,1.2,0.3
389,-69.93,-88.66,-51.20,7,87,5,1,4.86,1.1,0.4
390,-73.62,-96.05,-51.20,6,90,3,1,8.28,0.9,0.4
391,-81.07,-96.55,-65.60,7,79,10,4,0.62,1.0,0.2
392,-76.84,-99.08,-54.60,8,88,4,0,5.94,0.9,0.2
393,-78.77,-99.73,-57.80,3,87,7,3,4.40,0.9,0.3
394,-76.71,-99.81,-53.60,3,92,3,2,10.84,0.8,0.4
395,-76.12,-99.64,-52.60,2,91,5,2,11.13,0.8,0.3
396,-74.38,-96.56,-52.20,6,89,4,1,5.88,0.9,0.5
397,-75.39,-98.19,-52.60,5,87,7,1,6.48,0.9,0.3
398,-81.31,-93.81,-68.80,8,78,11,3,1.20,1.0,0.3
399,-81.22,-99.03,-63.40,8,86,6,0,3.66,1.0,0.1
400,-78.70,-90.41,-67.00,15,74,7,4,1.19,1.1,0.2
401,-71.67,-88.73,-54.60,7,87,5,1,6.19,1.1,0.4
402,-74.00,-99.61,-48.40,4,89,4,3,5.88,0.9,0.1
403,-72.48,-96.16,-48.80,4,96,0,0,8.12,1.1,0.1
404,-78.50,-99.00,-58.00,3,88,6,3,4.41,0.9,0.4
405,-77.34,-89.49,-65.20,6,84,8,2,1.69,1.0,0.4
406,-71.63,-93.07,-50.20,1,96,3,0,9.94,1.2,0.3
407,-74.60,-94.20,-55.00,3,89,5,3,5.07,1.0,0.5
408,-78.18,-98.15,-58.20,8,85,5,2,2.38,0.9,0.4
409,-75.52,-99.65,-51.40,2,95,1,2,8.82,0.9,0.1
410,-72.21,-90.82,-53.60,4,93,3,0,7.06,1.1,0.2
411,-76.92,-98.84,-55.00,6,86,6,2,4.75,1.0,0.1
412,-70.06,-87.53,-52.60,8,86,3,3,7.37,1.1,0.4
413,-76.95,-98.89,-55.00,8,84,7,1,4.16,1.0,0.1
414,-76.43,-99.65,-53.20,2,92,5,1,5.59,0.9,0.1
415,-74.49,-94.37,-54.60,3,86,9,2,8.63,1.1,0.2
416,-74.01,-99.21,-48.80,2,93,4,1,9.42,1.0,0.1
417,-73.51,-94.63,-52.40,3,88,8,1,7.83,1.0,0.3
418,-74.00,-91.60,-56.40,6,89,5,0,5.54,1.1,0.3
419,-73.84,-92.09,-55.60,4,87,9,0,3.82,1.0,0.4
420,-74.70,-97.79,-51.60,2,91,4,3,7.56,0.9,0.5
421,-70.62,-85.44,-55.80,7,88,4,1,5.99,1.1,0.4
422,-71.35,-92.30,-50.40,7,90,2,1,11.56,1.2,0.1
423,-80.75,-99.90,-61.60,12,73,10,5,2.15,0.8,0.2
424,-74.28,-94.76,-53.80,6,89,4,1,5.18,1.1,0.2
425,-76.49,-90.39,-62.60,11,81,6,2,1.80,1.1,0.3
426,-81.64,-99.47,-63.80,12,78,9,1,2.76,0.8,0.3
427,-74.29,-90.98,-57.60,9,85,6,0,5.43,1.0,0.4
428,-76.96,-95.92,-58.00,16,76,6,2,2.05,1.1,0.2
429,-74.52,-97.04,-52.00,8,84,8,0,7.14,1.0,0.2
430,-76.55,-99.89,-53.20,14,79,6,1,5.94,0.8,0.2
431,-75.33,-99.86,-50.80,8,88,4,0,5.55,0.8,0.2
432,-72.26,-94.53,-50.00,3,91,6,0,10.40,1.0,0.4
433,-75.10,-95.39,-54.80,4,87,6,3,5.89,1.0,0.3
434,-73.62,-95.83,-51.40,4,90,5,1,8.30,0.9,0.4
435,-73.09,-95.78,-50.40,4,89,6,1,10.30,1.1,0.1
436,-79.90,-99.80,-60.00,12,74,8,6,3.19,0.9,0.1
437,-72.15,-93.90,-50.40,6,84,10,0,9.01,1.1,0.3
438,-74.90,-96.19,-53.60,7,88,4,1,4.57,1.1,0.2
439,-79.95,-97.10,-62.80,15,74,7,4,3.98,1.0,0.5
440,-72.38,-91.76,-53.00,3,83,12,2,4.40,1.1,0.2
441,-73.14,-97.89,-48.40,1,93,4,2,16.46,0.9,0.5
442,-73.43,-85.86,-61.00,8,82,8,2,1.96,1.1,0.5
443,-71.89,-92.19,-51.60,4,96,0,0,11.14,1.1,0.3
444,-81.65,-98.51,-64.80,13,77,8,2,0.78,0.9,0.4
445,-75.09,-96.18,-54.00,7,87,6,0,6.13,1.1,0.2
446,-73.41,-96.21,-50.60,9,89,1,1,5.42,1.1,0.2
447,-75.80,-97.19,-54.40,11,82,7,0,7.19,0.9,0.4
448,-76.53,-99.86,-53.20,13,79,6,2,4.63,0.8,0.2
449,-76.40,-99.00,-53.80,4,87,6,3,9.54,1.0,0.2
450,-77.62,-98.24,-57.00,12,77,11,0,3.28,0.9,0.3
451,-80.14,-99.09,-61.20,12,68,15,5,1.56,0.9,0.4
452,-74.59,-97.39,-51.80,3,97,0,0,7.06,1.0,0.3
453,-82.94,-98.69,-67.20,11,66,17,6,0.49,0.9,0.2
454,-76.73,-98.66,-54.80,5,87,5,3,5.17,1.0,0.2
455,-76.33,-92.25,-60.40,7,81,8,4,1.38,1.0,0.3
456,-76.01,-95.61,-56.40,4,88,8,0,4.35,1.0,0.3
457,-78.21,-97.23,-59.20,5,83,7,5,1.39,0.9,0.2
458,-75.39,-94.37,-56.40,4,90,4,2,5.74,1.0,0.2
459,-76.02,-98.63,-53.40,5,89,5,1,6.89,1.0,0.2
460,-75.09,-99.58,-50.60,3,92,4,1,5.88,0.8,0.3
461,-79.88,-94.15,-65.60,8,83,5,4,3.69,1.2,0.2
462,-67.74,-85.29,-50.20,2,91,7,0,6.22,1.1,0.4
463,-74.19,-97.18,-51.20,0,92,5,3,7.08,1.1,0.3
464,-81.69,-98.78,-64.60,9,84,7,0,2.21,1.0,0.2
465,-77.13,-88.25,-66.00,9,84,5,2,0.90,1.1,0.2
466,-72.58,-87.76,-57.40,4,89,5,2,2.02,1.2,0.3
467,-73.00,-91.00,-55.00,5,91,3,1,4.35,1.0,0.3
468,-70.97,-92.73,-49.20,0,97,2,1,11.73,0.9,0.5
469,-75.44,-93.88,-57.00,7,92,0,1,5.13,1.0,0.3
470,-74.54,-98.49,-50.60,4,93,2,1,10.86,0.8,0.4
471,-73.20,-94.59,-51.80,5,93,2,0,6.95,1.0,0.4
472,-72.68,-93.96,-51.40,5,92,2,1,5.86,1.2,0.1
473,-72.27,-95.73,-48.80,7,90,3,0,6.14,0.9,0.5
474,-70.84,-93.87,-47.80,2,97,1,0,7.66,1.0,0.3
475,-74.42,-98.44,-50.40,3,95,2,0,12.03,1.1,0.1
476,-71.43,-90.06,-52.80,5,93,2,0,8.89,1.1,0.4
477,-73.06,-94.73,-51.40,3,94,3,0,6.35,1.1,0.4
478,-72.96,-91.13,-54.80,10,89,1,0,3.37,1.0,0.5
479,-71.37,-90.15,-52.60,6,88,6,0,4.84,1.1,0.5
480,-76.99,-94.57,-59.40,6,88,5,1,2.57,0.9,0.5
481,-71.84,-95.08,-48.60,1,98,1,0,12.70,1.1,0.3
482,-72.45,-92.30,-52.60,4,94,2,0,5.50,1.1,0.3
483,-70.49,-87.39,-53.60,2,90,5,3,5.75,1.2,0.2
484,-75.02,-99.23,-50.80,1,98,1,0,6.78,0.9,0.4
485,-75.53,-96.65,-54.40,8,89,2,1,3.18,1.0,0.1
486,-72.77,-92.55,-53.00,5,93,1,1,4.21,1.0,0.4
487,-72.74,-97.89,-47.60,2,95,2,1,12.87,1.1,0.1
488,-73.48,-87.77,-59.20,8,89,3,0,1.68,1.2,0.2
489,-71.95,-92.10,-51.80,2,94,3,1,5.04,1.1,0.5
490,-71.43,-86.06,-56.80,6,91,3,0,3.23,1.2,0.5
491,-71.06,-89.31,-52.80,1,96,2,1,6.99,1.2,0.5
492,-72.68,-93.56,-51.80,5,94,0,1,8.01,1.1,0.4
493,-70.36,-86.12,-54.60,7,90,3,0,6.29,1.2,0.2
494,-77.27,-94.54,-60.00,3,92,3,2,4.73,1.0,0.3
495,-76.30,-88.60,-64.00,8,82,9,1,1.70,1.1,0.2
496,-69.71,-92.22,-47.20,2,97,1,0,13.27,1.2,0.4
497,-72.38,-92.56,-52.20,2,95,3,0,3.36,1.1,0.2
498,-73.08,-93.37,-52.80,4,91,5,0,3.74,1.1,0.4
499,-74.63,-97.05,-52.20,2,97,1,0,5.45,1.0,0.4
500,-73.91,-99.62,-48.20,3,96,1,0,5.86,0.9,0.3
501,-69.92,-91.45,-48.40,2,97,1,0,7.62,1.2,0.1
502,-71.66,-92.53,-50.80,1,98,1,0,6.81,1.1,0.3
503,-77.36,-99.72,-55.00,2,89,8,1,2.99,0.8,0.2
504,-71.72,-83.24,-60.20,6,91,2,1,0.86,1.1,0.4
505,-81.14,-98.08,-64.20,3,93,4,0,1.58,1.0,0.1
506,-75.20,-95.59,-54.80,0,100,0,0,8.86,1.0,0.2
507,-74.42,-96.24,-52.60,4,96,0,0,10.30,1.0,0.4
508,-68.64,-87.89,-49.40,1,99,0,0,8.72,1.2,0.4
509,-75.33,-98.86,-51.80,1,99,0,0,9.69,0.9,0.3
510,-73.09,-95.77,-50.40,2,96,1,1,8.41,1.1,0.2
511,-73.22,-88.24,-58.20,3,97,0,0,3.39,1.0,0.5
512,-74.25,-92.50,-56.00,3,97,0,0,8.50,1.1,0.3
513,-66.38,-78.15,-54.60,1,98,1,0,5.00,1.2,0.5
514,-75.29,-99.78,-50.80,2,98,0,0,9.51,0.8,0.4
515,-73.01,-98.81,-47.20,2,98,0,0,10.70,0.9,0.4
516,-78.89,-99.37,-58.40,2,96,1,1,2.92,0.8,0.4
517,-75.33,-99.87,-50.80,1,98,1,0,10.68,0.9,0.1
518,-74.69,-88.98,-60.40,7,91,2,0,1.29,1.1,0.5
519,-76.17,-94.95,-57.40,7,92,0,1,2.52,1.0,0.4
520,-76.53,-94.26,-58.80,4,94,2,0,2.16,1.0,0.3
521,-77.20,-97.80,-56.60,2,96,0,2,2.26,1.1,0.2
522,-72.24,-93.28,-51.20,3,96,1,0,6.80,1.0,0.5
523,-75.99,-99.59,-52.40,2,97,1,0,10.22,0.9,0.4
524,-72.51,-92.03,-53.00,2,96,1,1,9.26,1.0,0.5
525,-75.65,-98.90,-52.40,2,95,2,1,8.06,0.8,0.3
526,-77.82,-99.43,-56.20,3,96,1,0,3.02,0.9,0.3
527,-73.71,-94.42,-53.00,1,97,2,0,6.26,1.1,0.2
528,-78.11,-99.41,-56.80,4,91,5,0,4.11,0.9,0.2
529,-72.87,-93.74,-52.00,4,93,3,0,2.90,0.9,0.5
530,-70.53,-91.26,-49.80,1,96,1,2,6.84,1.1,0.3
531,-70.76,-92.52,-49.00,0,99,1,0,8.03,1.1,0.4
532,-74.51,-92.02,-57.00,3,95,2,0,2.12,1.1,0.4
533,-74.21,-94.43,-54.00,1,97,2,0,5.78,1.0,0.4
534,-79.25,-96.30,-62.20,2,95,3,0,2.05,1.0,0.4
535,-70.25,-87.69,-52.80,0,99,1,0,5.98,1.2,0.5
536,-75.43,-98.26,-52.60,0,98,2,0,4.17,1.0,0.3
537,-73.90,-95.01,-52.80,1,98,1,0,5.92,1.1,0.4
538,-77.34,-97.07,-57.60,2,95,3,0,2.26,0.9,0.3
539,-79.02,-98.63,-59.40,1,94,5,0,1.95,0.9,0.4
540,-73.06,-94.33,-51.80,1,97,2,0,5.09,0.9,0.4
541,-72.93,-96.46,-49.40,1,98,1,0,9.41,1.1,0.1
542,-73.99,-97.98,-50.00,2,97,1,0,6.14,1.0,0.2
543,-75.59,-97.19,-54.00,2,97,1,0,6.00,0.8,0.5
544,-74.33,-98.47,-50.20,0,100,0,0,9.47,1.0,0.2
545,-77.08,-97.17,-57.00,1,99,0,0,5.30,1.0,0.2
546,-78.23,-98.47,-58.00,1,97,1,1,3.18,1.0,0.2
547,-71.86,-91.73,-52.00,0,99,1,0,8.23,1.2,0.3
548,-73.96,-95.12,-52.80,2,96,2,0,8.67,1.0,0.4
549,-75.98,-96.17,-55.80,1,98,1,0,6.36,1.0,0.4
550,-74.78,-99.17,-50.40,3,96,1,0,5.40,0.9,0.2
551,-78.67,-96.13,-61.20,0,100,0,0,2.94,1.0,0.2
552,-80.26,-96.31,-64.20,1,96,2,1,1.80,0.9,0.4
553,-75.74,-92.68,-58.80,0,97,3,0,1.43,1.0,0.4
554,-73.53,-97.65,-49.40,0,100,0,0,9.36,1.1,0.2
555,-75.56,-98.12,-53.00,1,98,1,0,5.35,0.9,0.3
556,-71.08,-88.96,-53.20,1,98,1,0,7.93,1.2,0.2
557,-69.73,-88.45,-51.00,0,100,0,0,3.75,1.2,0.3
558,-67.67,-85.34,-50.00,0,100,0,0,4.31,1.2,0.5
559,-77.53,-98.66,-56.40,0,99,1,0,2.71,0.8,0.4
560,-77.60,-92.81,-62.40,3,96,1,0,0.48,1.1,0.2
561,-67.62,-86.83,-48.40,0,99,1,0,7.16,1.2,0.4
562,-71.64,-89.89,-53.40,1,99,0,0,5.29,1.2,0.4
563,-73.14,-87.48,-58.80,3,97,0,0,2.68,1.1,0.4
564,-77.08,-98.15,-56.00,2,98,0,0,7.50,0.8,0.4
565,-73.16,-94.12,-52.20,1,98,0,1,6.81,1.1,0.3
566,-74.53,-91.25,-57.80,0,99,1,0,2.19,1.0,0.3
567,-79.75,-97.50,-62.00,5,93,2,0,0.94,1.0,0.2
568,-75.51,-97.22,-53.80,0,100,0,0,4.56,0.9,0.5
569,-75.87,-97.74,-54.00,0,100,0,0,5.11,0.9,0.4
570,-77.48,-99.56,-55.40,1,96,3,0,4.28,1.0,0.1
571,-69.28,-87.16,-51.40,0,100,0,0,6.43,1.2,0.4
572,-76.70,-93.61,-59.80,1,99,0,0,3.14,1.0,0.2
573,-75.86,-99.91,-51.80,0,100,0,0,8.05,0.9,0.1
574,-76.06,-98.32,-53.80,1,99,0,0,3.25,1.0,0.1
575,-75.08,-95.95,-54.20,2,97,1,0,3.91,0.9,0.4
576,-73.26,-96.92,-49.60,0,100,0,0,6.53,1.0,0.3
577,-69.96,-85.11,-54.80,0,100,0,0,3.26,1.2,0.2
578,-76.81,-94.61,-59.00,3,97,0,0,5.18,0.9,0.5
579,-73.77,-97.75,-49.80,0,100,0,0,6.88,1.1,0.1
580,-73.12,-96.64,-49.60,0,99,1,0,8.33,1.0,0.4
581,-76.96,-94.12,-59.80,0,99,1,0,5.37,1.1,0.2
582,-75.40,-99.79,-51.00,1,99,0,0,4.09,0.9,0.2
583,-71.99,-87.19,-56.80,0,100,0,0,2.47,1.2,0.3
584,-74.39,-95.98,-52.80,0,99,1,0,11.74,0.8,0.5
585,-73.67,-89.74,-57.60,1,99,0,0,2.25,1.0,0.4
586,-79.78,-99.16,-60.40,0,100,0,0,1.66,0.9,0.2
587,-75.80,-99.40,-52.20,0,99,1,0,7.14,0.9,0.2
588,-74.38,-95.96,-52.80,0,100,0,0,7.23,0.9,0.4
589,-74.37,-98.33,-50.40,0,100,0,0,7.74,1.0,0.2
590,-72.74,-97.68,-47.80,0,99,1,0,10.18,1.1,0.1
591,-78.12,-97.63,-58.60,0,99,1,0,2.99,1.0,0.2
592,-73.32,-96.25,-50.40,0,100,0,0,8.48,1.1,0.3
593,-75.57,-99.34,-51.80,0,99,1,0,8.00,1.0,0.3
594,-73.93,-97.06,-50.80,0,100,0,0,8.60,1.0,0.3
595,-77.71,-96.03,-59.40,2,97,1,0,3.38,1.1,0.1
596,-77.34,-99.88,-54.80,1,98,1,0,7.00,0.8,0.1
597,-70.85,-85.90,-55.80,0,100,0,0,4.32,1.2,0.4
598,-75.68,-99.37,-52.00,0,98,2,0,5.97,0.9,0.3
599,-78.79,-98.58,-59.00,0,97,3,0,1.95,0.9,0.2
600,-75.00,-98.80,-51.20,0,100,0,0,4.36,0.9,0.3
601,-76.03,-99.65,-52.40,1,99,0,0,6.09,0.8,0.4
602,-79.02,-99.84,-58.20,0,99,0,1,2.68,0.9,0.1
603,-78.29,-98.97,-57.60,0,100,0,0,8.09,0.9,0.2
604,-77.59,-99.77,-55.40,1,99,0,0,10.57,0.9,0.2
605,-73.26,-85.72,-60.80,1,99,0,0,2.16,1.0,0.5
606,-78.99,-98.38,-59.60,0,100,0,0,2.44,0.9,0.3
607,-76.22,-99.84,-52.60,0,100,0,0,6.78,0.8,0.3
608,-70.98,-90.35,-51.60,0,99,1,0,3.64,1.1,0.5
609,-82.42,-98.04,-66.80,0,100,0,0,0.39,1.0,0.1
610,-75.77,-97.94,-53.60,0,100,0,0,5.89,1.1,0.1
611,-72.47,-95.54,-49.40,0,100,0,0,11.32,1.1,0.5
612,-74.14,-91.28,-57.00,0,98,1,1,1.16,1.1,0.4
613,-70.21,-86.22,-54.20,0,100,0,0,4.17,1.2,0.5
614,-74.79,-99.77,-49.80,1,99,0,0,11.31,0.8,0.2
615,-73.42,-97.43,-49.40,0,100,0,0,12.69,0.9,0.4
616,-75.63,-99.87,-51.40,0,99,1,0,6.18,0.9,0.3
617,-73.76,-91.32,-56.20,2,98,0,0,3.61,1.0,0.4
618,-75.33,-98.65,-52.00,1,99,0,0,6.46,0.9,0.5
619,-74.81,-99.22,-50.40,0,100,0,0,7.92,0.9,0.4
620,-74.27,-97.14,-51.40,0,100,0,0,5.97,1.1,0.2
621,-71.17,-87.14,-55.20,1,97,2,0,4.06,1.1,0.5
622,-74.79,-98.59,-51.00,0,100,0,0,9.42,1.0,0.2
623,-71.67,-93.93,-49.40,0,100,0,0,5.07,1.1,0.2
624,-75.51,-93.02,-58.00,0,100,0,0,3.84,1.1,0.3
625,-73.94,-95.48,-52.40,1,99,0,0,8.91,1.1,0.4
626,-72.52,-94.24,-50.80,0,100,0,0,7.90,1.2,0.1
627,-72.42,-91.25,-53.60,0,100,0,0,4.90,1.1,0.4
628,-70.69,-87.38,-54.00,0,100,0,0,8.47,1.1,0.4
629,-76.97,-94.74,-59.20,0,100,0,0,3.14,1.0,0.3
630,-75.46,-97.53,-53.40,0,98,2,0,3.08,1.0,0.2
631,-75.43,-97.86,-53.00,0,99,1,0,3.24,0.9,0.3
632,-75.56,-96.12,-55.00,0,99,1,0,2.47,1.1,0.1
633,-70.77,-91.94,-49.60,0,99,1,0,5.62,1.1,0.3
634,-75.45,-94.71,-56.20,1,99,0,0,1.95,1.1,0.4
635,-83.06,-96.92,-69.20,0,99,1,0,0.31,1.0,0.2
636,-79.31,-97.82,-60.80,1,99,0,0,2.66,0.9,0.4
637,-69.80,-86.20,-53.40,0,100,0,0,6.92,1.1,0.5
638,-77.42,-99.84,-55.00,0,100,0,0,3.55,0.8,0.3
639,-75.81,-99.82,-51.80,0,100,0,0,6.41,0.9,0.1
640,-75.32,-91.65,-59.00,0,100,0,0,4.39,1.1,0.1
641,-75.81,-98.22,-53.40,0,100,0,0,5.77,0.9,0.3
642,-72.92,-99.23,-46.60,0,100,0,0,12.53,1.0,0.1
643,-72.31,-98.23,-46.40,0,100,0,0,10.35,1.0,0.2
644,-77.98,-98.15,-57.80,0,100,0,0,6.40,1.0,0.2
645,-78.67,-96.94,-60.40,0,100,0,0,1.17,0.9,0.4
646,-73.41,-94.62,-52.20,0,100,0,0,2.66,1.1,0.1
647,-75.27,-98.35,-52.20,0,100,0,0,6.91,1.0,0.1
648,-73.74,-91.68,-55.80,0,99,1,0,4.29,1.1,0.2
649,-77.97,-98.54,-57.40,0,99,1,0,5.46,1.0,0.2
650,-74.10,-96.40,-51.80,0,100,0,0,6.09,1.1,0.1
651,-70.66,-90.52,-50.80,0,100,0,0,8.01,1.2,0.4
652,-76.41,-99.63,-53.20,0,100,0,0,6.05,0.8,0.2
653,-76.21,-96.62,-55.80,0,100,0,0,5.06,1.0,0.3
654,-76.42,-97.83,-55.00,0,100,0,0,4.51,0.9,0.3
655,-79.06,-98.73,-59.40,0,100,0,0,4.73,0.9,0.2
656,-70.69,-93.18,-48.20,0,100,0,0,6.78,1.1,0.1
657,-78.81,-98.82,-58.80,0,99,0,1,6.29,0.8,0.4
658,-75.49,-92.98,-58.00,1,99,0,0,4.64,1.0,0.4
659,-78.20,-99.80,-56.60,0,98,2,0,2.98,0.8,0.2
660,-72.80,-98.79,-46.80,0,100,0,0,12.62,0.8,0.5
661,-73.03,-94.26,-51.80,0,100,0,0,3.95,1.2,0.1
662,-70.41,-91.43,-49.40,0,100,0,0,5.00,1.2,0.5
663,-81.76,-99.93,-63.60,0,100,0,0,2.23,0.8,0.1
664,-72.47,-92.53,-52.40,0,100,0,0,8.71,1.2,0.2
665,-74.39,-98.57,-50.20,0,99,0,1,3.71,1.0,0.1
666,-73.68,-98.16,-49.20,0,100,0,0,9.41,0.9,0.4
667,-73.57,-99.74,-47.40,0,100,0,0,9.37,0.9,0.1
668,-71.52,-93.03,-50.00,0,100,0,0,3.94,1.1,0.1
669,-76.35,-96.90,-55.80,0,100,0,0,5.63,0.8,0.4
670,-73.28,-95.56,-51.00,0,100,0,0,3.52,1.1,0.2
671,-77.32,-94.85,-59.80,0,100,0,0,3.10,1.1,0.1
672,-72.37,-93.73,-51.00,0,100,0,0,5.08,1.1,0.4
673,-78.90,-99.80,-58.00,0,99,1,0,3.12,0.8,0.1
674,-74.33,-93.46,-55.20,0,100,0,0,3.23,1.0,0.3
675,-73.05,-90.10,-56.00,0,100,0,0,3.55,1.2,0.4
676,-79.47,-97.93,-61.00,0,99,1,0,2.14,1.0,0.1
677,-74.39,-98.79,-50.00,0,100,0,0,4.81,0.8,0.3
678,-71.04,-82.67,-59.40,0,99,1,0,6.27,1.1,0.5
679,-72.32,-95.25,-49.40,0,100,0,0,8.36,1.1,0.2
680,-76.05,-99.51,-52.60,0,99,0,1,4.80,0.9,0.2
681,-74.65,-96.50,-52.80,0,100,0,0,10.79,0.9,0.3
682,-76.04,-99.87,-52.20,0,99,0,1,6.45,0.8,0.1
683,-74.46,-99.91,-49.00,0,100,0,0,6.93,0.8,0.1
684,-73.63,-97.87,-49.40,0,100,0,0,5.03,1.0,0.1
685,-73.07,-99.53,-46.60,0,100,0,0,9.57,0.9,0.2
686,-72.79,-92.79,-52.80,0,100,0,0,8.78,1.1,0.3
687,-77.41,-99.21,-55.60,0,98,2,0,4.18,1.0,0.2
688,-71.50,-92.60,-50.40,0,100,0,0,6.11,1.1,0.4
689,-73.97,-91.34,-56.60,0,100,0,0,4.72,1.1,0.5
690,-75.99,-91.57,-60.40,0,100,0,0,3.20,1.1,0.3
691,-74.02,-89.03,-59.00,0,99,1,0,4.53,1.1,0.4
692,-74.58,-98.16,-51.00,0,100,0,0,9.44,1.0,0.2
693,-74.55,-99.50,-49.60,0,100,0,0,5.86,1.0,0.1
694,-78.46,-99.72,-57.20,0,99,1,0,5.81,0.8,0.2
695,-78.01,-99.82,-56.20,0,100,0,0,8.22,0.8,0.1
696,-75.43,-99.85,-51.00,0,100,0,0,5.34,0.9,0.2
697,-69.46,-91.32,-47.60,0,99,1,0,8.52,1.2,0.5
698,-78.41,-99.82,-57.00,0,100,0,0,2.56,0.8,0.1
699,-72.27,-94.13,-50.40,0,100,0,0,5.04,1.0,0.3
700,-75.34,-99.69,-51.00,0,100,0,0,10.08,0.9,0.2
701,-74.69,-99.59,-49.80,1,99,0,0,9.10,0.8,0.4
702,-70.76,-93.71,-47.80,0,99,1,0,9.54,1.1,0.4
703,-76.27,-96.95,-55.60,1,99,0,0,3.50,1.0,0.2
704,-76.56,-99.93,-53.20,0,100,0,0,5.52,0.8,0.2
705,-78.13,-95.05,-61.20,0,99,1,0,0.87,0.8,0.5
706,-73.17,-96.35,-50.00,0,100,0,0,12.52,0.9,0.5
707,-80.27,-98.94,-61.60,0,100,0,0,2.32,0.9,0.3
708,-71.67,-95.94,-47.40,0,100,0,0,6.33,1.1,0.3
709,-73.46,-96.92,-50.00,0,100,0,0,13.42,0.9,0.5
710,-76.01,-99.21,-52.80,0,99,1,0,3.09,0.8,0.3
711,-74.09,-98.39,-49.80,1,99,0,0,7.76,1.0,0.1
712,-76.59,-99.37,-53.80,0,100,0,0,4.92,1.0,0.2
713,-79.08,-98.15,-60.00,0,98,2,0,1.79,0.9,0.2
714,-70.68,-88.56,-52.80,0,100,0,0,7.69,1.2,0.4
715,-75.62,-96.64,-54.60,0,100,0,0,4.14,1.0,0.3
716,-72.25,-91.50,-53.00,0,100,0,0,7.66,1.0,0.4
717,-75.88,-97.77,-54.00,0,100,0,0,5.28,1.0,0.1
718,-78.60,-98.19,-59.00,0,100,0,0,7.35,1.0,0.2
719,-70.40,-93.21,-47.60,0,100,0,0,10.81,1.0,0.4
720,-74.17,-96.95,-51.40,0,100,0,0,10.62,0.9,0.4
721,-67.91,-85.02,-50.80,2,98,0,0,3.93,1.2,0.5
722,-72.27,-86.55,-58.00,1,99,0,0,3.91,1.1,0.4
723,-70.70,-88.61,-52.80,0,100,0,0,5.93,1.1,0.5
724,-77.27,-94.13,-60.40,0,99,1,0,4.41,0.9,0.4
725,-81.78,-98.95,-64.60,0,99,1,0,0.72,0.9,0.3
726,-69.92,-90.84,-49.00,0,100,0,0,7.89,1.2,0.4
727,-72.73,-95.07,-50.40,0,100,0,0,8.24,1.1,0.1
728,-71.94,-91.67,-52.20,0,100,0,0,5.60,1.1,0.4
729,-75.23,-99.46,-51.00,0,100,0,0,8.50,0.8,0.3
730,-70.50,-89.79,-51.20,0,100,0,0,8.57,1.1,0.5
731,-72.71,-92.02,-53.40,0,100,0,0,3.84,1.1,0.4
732,-73.79,-94.18,-53.40,0,100,0,0,6.97,1.0,0.4
733,-77.39,-94.97,-59.80,0,100,0,0,1.19,1.1,0.2
734,-74.23,-95.46,-53.00,0,99,1,0,6.89,1.0,0.4
735,-74.65,-97.70,-51.60,0,100,0,0,7.49,0.8,0.5
736,-77.33,-98.86,-55.80,0,99,1,0,1.83,0.9,0.2
737,-69.29,-88.39,-50.20,0,100,0,0,9.96,1.2,0.5
738,-69.22,-87.83,-50.60,0,100,0,0,7.50,1.1,0.4
739,-74.21,-98.42,-50.00,0,100,0,0,9.45,1.0,0.2
740,-75.57,-99.53,-51.60,0,100,0,0,8.58,0.9,0.3
741,-68.86,-88.51,-49.20,0,100,0,0,3.75,1.2,0.2
742,-76.15,-98.69,-53.60,0,100,0,0,7.52,0.9,0.3
743,-78.64,-99.68,-57.60,0,100,0,0,5.93,0.9,0.2
744,-73.62,-94.44,-52.80,0,100,0,0,9.00,1.0,0.3
745,-74.92,-99.44,-50.40,0,100,0,0,10.55,0.9,0.1
746,-72.52,-90.24,-54.80,0,100,0,0,3.31,1.1,0.4
747,-75.00,-99.80,-50.20,0,100,0,0,10.70,0.8,0.2
748,-75.64,-92.88,-58.40,0,100,0,0,2.58,1.0,0.3
749,-74.77,-93.13,-56.40,0,100,0,0,5.72,1.1,0.4
750,-69.83,-86.85,-52.80,0,100,0,0,4.69,1.1,0.5
751,-74.42,-93.04,-55.80,0,100,0,0,2.29,1.0,0.4
752,-74.62,-98.83,-50.40,0,100,0,0,9.49,0.8,0.3
753,-71.75,-90.30,-53.20,0,100,0,0,6.10,1.0,0.4
754,-80.06,-99.92,-60.20,0,99,1,0,1.74,0.8,0.1
755,-74.43,-94.25,-54.60,0,100,0,0,6.21,1.0,0.2
756,-76.58,-94.36,-58.80,0,100,0,0,3.70,1.1,0.3
757,-75.53,-95.86,-55.20,0,99,1,0,4.32,1.1,0.2
758,-74.21,-94.82,-53.60,0,100,0,0,2.84,1.1,0.3
759,-76.35,-99.10,-53.60,0,100,0,0,6.74,1.1,0.2
760,-70.00,-93.80,-46.20,0,100,0,0,9.09,1.1,0.2
761,-74.77,-98.33,-51.20,1,99,0,0,7.76,0.9,0.4
762,-75.76,-98.12,-53.40,0,100,0,0,2.22,1.0,0.1
763,-77.12,-99.64,-54.60,0,100,0,0,4.00,0.8,0.3
764,-71.63,-91.65,-51.60,0,100,0,0,4.71,1.0,0.5
765,-80.03,-99.66,-60.40,0,99,1,0,3.71,0.9,0.2
766,-72.79,-92.99,-52.60,0,100,0,0,5.10,1.0,0.4
767,-73.14,-97.49,-48.80,0,100,0,0,7.41,0.9,0.3
768,-74.41,-89.82,-59.00,0,99,1,0,3.75,1.1,0.2
769,-70.91,-92.62,-49.20,0,100,0,0,5.42,1.2,0.1
770,-75.95,-96.50,-55.40,0,100,0,0,5.45,1.0,0.1
771,-72.76,-94.92,-50.60,0,100,0,0,2.25,1.1,0.1
772,-74.99,-97.18,-52.80,0,100,0,0,9.09,0.9,0.3
773,-76.20,-99.00,-53.40,0,100,0,0,8.49,0.8,0.3
774,-75.83,-99.26,-52.40,0,100,0,0,5.02,0.9,0.2
775,-68.66,-89.32,-48.00,0,100,0,0,7.46,1.2,0.4
776,-70.91,-86.82,-55.00,0,100,0,0,3.83,1.2,0.3
777,-71.10,-91.79,-50.40,0,100,0,0,6.06,1.1,0.5
778,-70.89,-89.18,-52.60,0,100,0,0,3.33,1.1,0.4
779,-73.86,-88.52,-59.20,0,100,0,0,3.02,1.2,0.2
780,-70.87,-88.93,-52.80,0,100,0,0,4.28,1.1,0.2
781,-76.72,-99.83,-53.60,1,99,0,0,4.84,0.8,0.3
782,-74.48,-96.75,-52.20,0,100,0,0,8.07,1.1,0.1
783,-78.52,-92.64,-64.40,0,100,0,0,0.49,1.0,0.3
784,-72.43,-96.27,-48.60,0,100,0,0,4.80,1.0,0.3
785,-72.89,-96.19,-49.60,0,100,0,0,5.34,1.2,0.2
786,-70.24,-87.49,-53.00,0,98,2,0,4.44,1.2,0.4
787,-75.52,-99.03,-52.00,0,100,0,0,4.42,0.8,0.3
788,-71.47,-93.35,-49.60,0,100,0,0,7.44,1.1,0.2
789,-72.85,-92.90,-52.80,0,100,0,0,7.82,1.0,0.4
790,-80.27,-97.34,-63.20,0,99,1,0,5.27,0.8,0.5
791,-76.83,-99.85,-53.80,0,100,0,0,3.77,0.8,0.2
792,-73.84,-91.08,-56.60,0,100,0,0,2.44,1.1,0.4
793,-76.92,-98.63,-55.20,0,100,0,0,3.35,1.0,0.1
794,-76.64,-98.69,-54.60,0,100,0,0,4.34,0.9,0.4
795,-78.22,-99.23,-57.20,0,100,0,0,5.31,1.0,0.1
796,-81.72,-99.23,-64.20,0,100,0,0,1.28,0.8,0.3
797,-74.30,-99.40,-49.20,0,100,0,0,8.66,0.8,0.3
798,-72.21,-92.42,-52.00,0,100,0,0,11.10,1.1,0.1
799,-77.11,-98.81,-55.40,0,99,1,0,4.51,1.0,0.1
800,-74.97,-97.74,-52.20,0,100,0,0,5.26,1.0,0.4
801,-71.08,-91.76,-50.40,0,100,0,0,5.32,1.1,0.2
802,-73.00,-98.80,-47.20,1,99,0,0,8.30,1.0,0.2
803,-76.66,-99.51,-53.80,0,100,0,0,5.59,0.9,0.2
804,-70.68,-87.95,-53.40,0,100,0,0,2.78,1.1,0.5
805,-77.93,-96.46,-59.40,0,100,0,0,1.72,0.9,0.3
806,-72.34,-96.48,-48.20,1,99,0,0,13.35,1.0,0.5
807,-73.63,-90.26,-57.00,0,100,0,0,3.42,1.1,0.3
808,-72.82,-93.24,-52.40,0,100,0,0,8.05,1.0,0.4
809,-72.34,-95.28,-49.40,0,100,0,0,7.89,0.8,0.5
810,-73.71,-93.41,-54.00,0,99,1,0,3.97,1.1,0.2
811,-74.34,-94.68,-54.00,0,100,0,0,4.98,1.1,0.2
812,-69.78,-85.35,-54.20,0,100,0,0,4.09,1.1,0.5
813,-75.94,-99.87,-52.00,0,99,1,0,7.55,0.9,0.2
814,-71.85,-90.49,-53.20,0,100,0,0,4.30,1.2,0.3
815,-71.74,-94.88,-48.60,0,99,1,0,8.22,1.0,0.3
816,-74.20,-88.79,-59.60,0,100,0,0,3.95,1.2,0.4
817,-73.51,-99.82,-47.20,0,100,0,0,7.79,0.9,0.1
818,-76.04,-98.48,-53.60,0,99,1,0,5.55,1.0,0.1
819,-74.92,-96.24,-53.60,0,100,0,0,4.73,1.1,0.2
820,-73.10,-99.79,-46.40,0,100,0,0,15.09,0.9,0.2
821,-75.43,-94.05,-56.80,0,100,0,0,3.00,1.1,0.3
822,-75.75,-94.90,-56.60,0,100,0,0,5.83,1.1,0.2
823,-81.64,-97.88,-65.40,0,99,1,0,1.16,1.0,0.2
824,-75.26,-97.51,-53.00,1,99,0,0,6.85,1.0,0.2
825,-73.01,-98.82,-47.20,0,99,0,1,12.64,0.8,0.4
826,-74.18,-99.77,-48.60,0,99,1,0,5.71,1.0,0.3
827,-78.84,-99.87,-57.80,0,100,0,0,4.39,0.8,0.2
828,-70.82,-92.03,-49.60,0,100,0,0,12.73,1.2,0.4
829,-73.16,-98.31,-48.00,0,100,0,0,11.04,1.0,0.2
830,-77.06,-98.32,-55.80,0,99,1,0,4.36,0.9,0.3
831,-74.00,-92.59,-55.40,0,100,0,0,4.75,1.0,0.4
832,-70.74,-91.29,-50.20,0,99,1,0,13.87,1.1,0.4
833,-72.58,-94.37,-50.80,0,100,0,0,10.39,1.1,0.2
834,-69.50,-89.01,-50.00,0,99,1,0,5.10,1.1,0.5
835,-68.61,-84.21,-53.00,0,100,0,0,3.64,1.2,0.4
836,-73.89,-87.97,-59.80,0,97,3,0,2.60,1.1,0.4
837,-77.50,-93.99,-61.00,0,98,2,0,2.47,0.9,0.4
838,-81.35,-96.31,-66.40,2,95,3,0,0.93,0.9,0.3
839,-73.51,-89.62,-57.40,0,98,2,0,3.36,1.0,0.4
840,-73.84,-94.09,-53.60,0,98,2,0,8.24,1.0,0.3
841,-74.28,-94.36,-54.20,2,93,5,0,5.90,1.1,0.3
842,-70.01,-91.63,-48.40,0,98,2,0,5.44,1.2,0.2
843,-74.45,-98.30,-50.60,1,97,2,0,9.04,0.8,0.4
844,-76.67,-94.94,-58.40,0,91,9,0,5.52,1.1,0.3
845,-78.68,-91.96,-65.40,1,80,19,0,0.78,1.0,0.4
846,-74.20,-91.80,-56.60,0,90,9,1,5.72,1.1,0.2
847,-73.06,-91.13,-55.00,1,89,10,0,3.45,1.2,0.2
848,-71.19,-93.77,-48.60,1,89,10,0,7.78,1.0,0.4
849,-76.19,-97.79,-54.60,1,90,9,0,8.52,1.1,0.1
850,-74.60,-96.79,-52.40,0,93,7,0,8.61,0.9,0.3
851,-74.65,-94.49,-54.80,0,88,12,0,4.75,1.1,0.5
852,-81.72,-95.84,-67.60,0,74,26,0,1.30,1.0,0.3
853,-77.39,-88.98,-65.80,2,81,17,0,1.17,1.1,0.4
854,-75.01,-95.02,-55.00,1,90,9,0,5.97,1.0,0.3
855,-77.57,-99.94,-55.20,3,83,14,0,2.51,0.8,0.2
856,-74.34,-96.48,-52.20,0,91,9,0,9.66,1.0,0.3
857,-74.29,-93.98,-54.60,0,94,6,0,6.04,0.9,0.4
858,-81.15,-93.51,-68.80,2,83,14,1,0.85,1.0,0.4
859,-72.84,-86.89,-58.80,3,84,13,0,3.43,1.2,0.3
860,-75.02,-92.23,-57.80,2,91,7,0,3.22,1.2,0.4
861,-75.12,-89.85,-60.40,2,94,4,0,2.98,1.1,0.3
862,-77.13,-98.26,-56.00,0,88,12,0,4.23,0.9,0.3
863,-76.75,-95.09,-58.40,3,90,7,0,3.96,0.9,0.4
864,-73.68,-97.56,-49.80,0,95,5,0,6.92,0.9,0.3
865,-69.70,-86.40,-53.00,0,97,3,0,7.77,1.2,0.3
866,-73.91,-94.81,-53.00,2,92,6,0,3.44,1.1,0.3
867,-73.63,-96.85,-50.40,0,95,5,0,9.51,1.1,0.1
868,-82.84,-98.48,-67.20,2,88,10,0,2.10,0.9,0.2
869,-71.82,-87.63,-56.00,0,96,4,0,4.48,1.1,0.3
870,-71.86,-95.13,-48.60,1,97,2,0,8.22,1.1,0.1
871,-74.49,-93.38,-55.60,3,93,4,0,5.56,1.0,0.4
872,-74.28,-95.57,-53.00,0,97,3,0,4.55,1.1,0.2
873,-70.33,-91.86,-48.80,0,96,4,0,8.59,1.1,0.4
874,-73.43,-94.45,-52.40,1,97,1,1,8.92,1.0,0.2
875,-74.65,-99.90,-49.40,0,97,3,0,9.20,0.9,0.1
876,-74.24,-96.88,-51.60,0,98,2,0,6.53,0.9,0.4
877,-72.62,-93.85,-51.40,0,100,0,0,6.64,1.1,0.2
878,-69.28,-83.96,-54.60,1,99,0,0,2.95,1.1,0.4
879,-73.98,-94.76,-53.20,0,100,0,0,5.47,1.1,0.3
880,-73.84,-96.47,-51.20,1,99,0,0,9.95,1.0,0.3
881,-71.04,-87.09,-55.00,0,100,0,0,5.13,1.1,0.4
882,-75.57,-99.34,-51.80,1,98,1,0,6.40,1.0,0.1
883,-75.13,-97.06,-53.20,0,100,0,0,7.38,1.1,0.1
884,-74.99,-96.78,-53.20,0,100,0,0,7.20,0.9,0.3
885,-75.45,-98.10,-52.80,0,100,0,0,2.61,1.0,0.1
886,-70.17,-88.74,-51.60,1,99,0,0,3.13,1.2,0.4
887,-77.43,-92.27,-62.60,0,99,1,0,1.41,1.0,0.2
888,-77.03,-99.25,-54.80,0,99,1,0,3.19,0.9,0.2
889,-71.37,-93.13,-49.60,0,100,0,0,7.47,1.1,0.3
890,-70.70,-87.60,-53.80,0,100,0,0,7.42,1.2,0.3
891,-78.24,-99.08,-57.40,0,99,1,0,4.38,0.9,0.3
892,-72.66,-95.32,-50.00,0,100,0,0,5.78,0.9,0.5
893,-74.73,-98.86,-50.60,0,100,0,0,10.49,0.9,0.3
894,-73.33,-82.27,-64.40,0,100,0,0,0.99,1.0,0.4
895,-75.95,-99.10,-52.80,0,99,1,0,5.50,0.9,0.3
896,-74.46,-99.31,-49.60,0,100,0,0,6.50,1.0,0.3
897,-74.91,-99.62,-50.20,0,100,0,0,4.23,0.9,0.3
898,-69.50,-90.80,-48.20,0,100,0,0,7.90,1.1,0.4
899,-71.31,-91.23,-51.40,0,100,0,0,10.36,1.1,0.5
900,-76.29,-89.38,-63.20,0,100,0,0,2.51,1.0,0.3
901,-76.62,-96.83,-56.40,0,100,0,0,6.59,0.8,0.5
902,-79.62,-99.84,-59.40,0,100,0,0,4.72,0.8,0.1
903,-74.63,-99.05,-50.20,0,100,0,0,8.25,1.0,0.2
904,-73.27,-88.94,-57.60,0,100,0,0,2.46,1.2,0.3
905,-75.09,-96.98,-53.20,0,99,1,0,4.18,1.0,0.3
906,-74.33,-98.86,-49.80,0,100,0,0,10.82,0.9,0.3
907,-68.04,-86.09,-50.00,0,100,0,0,6.69,1.1,0.5
908,-73.18,-98.36,-48.00,0,100,0,0,7.66,1.1,0.1
909,-79.17,-99.75,-58.60,0,100,0,0,2.45,0.9,0.1
910,-68.04,-72.67,-63.40,0,99,1,0,0.54,1.2,0.4
911,-76.12,-96.64,-55.60,0,100,0,0,3.96,1.0,0.4
912,-75.38,-99.76,-51.00,0,100,0,0,4.37,0.9,0.1
913,-77.18,-98.35,-56.00,0,100,0,0,1.79,0.9,0.3
914,-74.76,-96.93,-52.60,0,100,0,0,4.55,1.1,0.2
915,-72.04,-94.49,-49.60,0,100,0,0,10.01,1.1,0.2
916,-70.83,-85.87,-55.80,0,100,0,0,3.35,1.2,0.2
917,-79.66,-94.73,-64.60,0,100,0,0,1.54,0.9,0.3
918,-71.51,-88.83,-54.20,1,99,0,0,2.33,1.0,0.4
919,-72.18,-94.37,-50.00,0,100,0,0,8.95,1.1,0.3
920,-68.77,-88.13,-49.40,0,100,0,0,7.31,1.1,0.4
921,-72.56,-93.13,-52.00,0,100,0,0,8.43,1.1,0.1
922,-78.09,-97.38,-58.80,0,100,0,0,4.27,0.9,0.4
923,-73.00,-98.80,-47.20,0,100,0,0,13.55,1.1,0.2
924,-75.14,-97.29,-53.00,0,99,1,0,7.47,0.9,0.4
925,-73.98,-95.55,-52.40,0,100,0,0,8.27,1.1,0.1
926,-69.82,-75.85,-63.80,1,99,0,0,1.36,1.2,0.2
927,-80.01,-97.41,-62.60,0,100,0,0,2.11,0.9,0.4
928,-76.16,-99.73,-52.60,0,100,0,0,12.94,0.9,0.1
929,-71.52,-85.44,-57.60,0,100,0,0,3.27,1.1,0.4
930,-72.54,-94.68,-50.40,0,100,0,0,4.92,1.1,0.3
931,-77.34,-98.08,-56.60,1,99,0,0,2.09,0.9,0.3
932,-75.94,-99.69,-52.20,0,100,0,0,4.96,0.9,0.2
933,-71.07,-84.74,-57.40,0,100,0,0,1.72,1.2,0.4
934,-75.80,-92.81,-58.80,1,99,0,0,5.64,1.2,0.1
935,-74.80,-98.60,-51.00,0,100,0,0,11.52,1.0,0.2
936,-77.84,-95.49,-60.20,0,100,0,0,2.04,1.0,0.2
937,-81.79,-96.78,-66.80,0,100,0,0,1.61,0.9,0.4
938,-78.17,-97.35,-59.00,0,100,0,0,7.26,1.1,0.2
939,-79.57,-87.73,-71.40,0,100,0,0,0.34,0.9,0.4
940,-71.73,-80.47,-63.00,0,100,0,0,1.12,1.2,0.4
941,-77.55,-98.29,-56.80,0,100,0,0,3.89,0.9,0.4
942,-75.44,-97.28,-53.60,0,100,0,0,6.59,1.1,0.2
943,-77.28,-96.56,-58.00,0,100,0,0,4.36,0.9,0.4
944,-76.02,-95.84,-56.20,0,100,0,0,3.12,1.1,0.2
945,-72.06,-91.13,-53.00,0,100,0,0,5.27,1.1,0.4
946,-76.41,-99.62,-53.20,0,99,1,0,4.57,0.8,0.3
947,-73.67,-98.55,-48.80,0,100,0,0,7.29,0.9,0.4
948,-75.26,-97.92,-52.60,0,100,0,0,6.05,1.0,0.2
949,-71.79,-90.58,-53.00,0,100,0,0,4.30,1.1,0.4
950,-72.28,-94.55,-50.00,0,100,0,0,4.19,1.1,0.1
951,-76.70,-98.19,-55.20,0,100,0,0,2.74,0.8,0.4
952,-71.49,-85.79,-57.20,0,100,0,0,2.02,1.1,0.4
953,-72.91,-95.21,-50.60,0,100,0,0,7.20,1.1,0.1
954,-79.36,-99.72,-59.00,0,100,0,0,1.86,0.9,0.1
955,-76.67,-99.55,-53.80,0,100,0,0,6.89,0.8,0.4
956,-78.77,-97.75,-59.80,0,98,2,0,5.37,0.8,0.4
957,-83.18,-97.37,-69.00,0,99,1,0,0.37,0.9,0.4
958,-70.93,-88.46,-53.40,0,100,0,0,6.64,1.1,0.5
959,-71.67,-91.93,-51.40,0,100,0,0,3.80,1.0,0.5
960,-72.72,-96.23,-49.20,0,100,0,0,10.49,1.1,0.5
961,-69.35,-90.10,-48.60,0,100,0,0,6.55,1.1,0.4
962,-70.97,-93.94,-48.00,0,100,0,0,9.73,1.1,0.3
963,-71.57,-92.13,-51.00,0,100,0,0,5.90,1.2,0.3
964,-75.95,-96.90,-55.00,0,100,0,0,8.55,0.9,0.5
965,-73.67,-94.74,-52.60,0,100,0,0,6.52,0.9,0.4
966,-71.48,-93.35,-49.60,0,100,0,0,6.69,1.0,0.3
967,-78.05,-99.91,-56.20,0,100,0,0,4.46,0.8,0.1
968,-71.45,-94.29,-48.60,0,100,0,0,8.11,1.1,0.2
969,-73.16,-94.51,-51.80,0,100,0,0,6.89,1.2,0.1
970,-73.87,-91.34,-56.40,0,98,2,0,5.02,1.2,0.3
971,-77.16,-93.53,-60.80,1,99,0,0,1.64,1.0,0.4
972,-71.99,-96.19,-47.80,0,100,0,0,8.91,1.1,0.2
973,-72.75,-88.09,-57.40,0,100,0,0,2.30,1.1,0.2
974,-71.54,-92.29,-50.80,0,100,0,0,8.23,1.2,0.2
975,-74.45,-99.90,-49.00,0,100,0,0,5.64,0.9,0.1
976,-73.07,-90.53,-55.60,0,100,0,0,2.64,1.2,0.1
977,-75.14,-97.29,-53.00,0,100,0,0,8.23,1.0,0.3
978,-72.11,-95.21,-49.00,0,100,0,0,7.98,0.9,0.5
979,-74.93,-99.86,-50.00,0,100,0,0,10.98,0.8,0.2
980,-74.15,-91.31,-57.00,0,100,0,0,2.21,1.0,0.4
981,-78.12,-99.84,-56.40,0,100,0,0,7.32,0.9,0.1
982,-70.76,-91.52,-50.00,0,99,1,0,6.18,1.2,0.2
983,-74.32,-98.64,-50.00,0,100,0,0,3.79,1.0,0.1
984,-72.47,-98.34,-46.60,0,100,0,0,12.14,0.9,0.4
985,-73.70,-98.01,-49.40,0,100,0,0,7.14,1.1,0.3
986,-75.98,-99.56,-52.40,0,100,0,0,6.06,0.8,0.3
987,-69.70,-88.39,-51.00,0,100,0,0,10.20,1.2,0.5
988,-73.91,-89.42,-58.40,0,100,0,0,1.05,1.0,0.4
989,-75.06,-91.71,-58.40,0,100,0,0,2.94,1.1,0.3
990,-74.59,-97.59,-51.60,0,99,1,0,5.91,0.9,0.4
991,-78.85,-99.90,-57.80,0,100,0,0,3.19,0.8,0.1
992,-74.16,-99.53,-48.80,0,100,0,0,7.53,1.0,0.1
993,-73.46,-99.13,-47.80,0,100,0,0,6.43,0.9,0.2
994,-72.66,-93.92,-51.40,0,100,0,0,7.30,1.1,0.5
995,-72.61,-95.82,-49.40,0,100,0,0,13.48,1.1,0.4
996,-78.20,-99.60,-56.80,0,100,0,0,3.16,0.8,0.3
997,-80.20,-97.60,-62.80,0,100,0,0,1.57,0.9,0.3
998,-73.84,-97.89,-49.80,0,100,0,0,7.31,0.9,0.3
999,-75.50,-99.80,-51.20,0,100,0,0,3.85,0.8,0.2
1000,-79.23,-87.47,-71.00,0,100,0,0,0.90,1.0,0.4
