episode, reward, reward_tard, reward_setup, SSPT, ATCS, MDD, COVERT,Avg_tardy,DDT,PT_var
1,-25.41,14.18,-65.00,26,32,22,20,7.19,1.3,0.2
2,-26.24,13.52,-66.00,17,29,31,23,7.49,1.3,0.2
3,-31.71,8.37,-71.80,26,16,28,30,7.93,1.3,0.2
4,-28.10,12.79,-69.00,30,20,25,25,7.37,1.3,0.2
5,-26.28,16.25,-68.80,22,25,22,31,7.49,1.3,0.2
6,-27.22,11.16,-65.60,22,29,22,27,7.48,1.3,0.2
7,-25.13,14.94,-65.20,25,25,26,24,7.45,1.3,0.2
8,-22.36,16.49,-61.20,22,34,23,21,6.87,1.3,0.2
9,-29.25,12.09,-70.60,27,27,23,23,7.35,1.3,0.2
10,-27.71,14.37,-69.80,17,30,25,28,7.87,1.3,0.2
11,-26.45,13.69,-66.60,23,31,20,26,7.39,1.3,0.2
12,-25.71,17.79,-69.20,26,31,15,28,7.78,1.3,0.2
13,-25.38,14.63,-65.40,29,30,16,25,7.63,1.3,0.2
14,-26.61,15.58,-68.80,18,25,32,25,7.78,1.3,0.2
15,-24.55,15.30,-64.40,20,31,26,23,7.42,1.3,0.2
16,-22.97,15.27,-61.20,22,42,17,19,7.18,1.3,0.2
17,-23.58,15.45,-62.60,24,32,28,16,7.08,1.3,0.2
18,-26.98,15.24,-69.20,24,27,27,22,7.69,1.3,0.2
19,-27.30,11.99,-66.60,27,32,21,20,7.44,1.3,0.2
20,-27.96,10.28,-66.20,20,31,27,22,7.42,1.3,0.2
21,-28.45,13.11,-70.00,15,40,25,20,7.59,1.3,0.2
22,-25.85,13.11,-64.80,23,32,22,23,7.31,1.3,0.2
23,-28.69,8.63,-66.00,29,30,22,19,7.60,1.3,0.2
24,-28.78,12.23,-69.80,30,26,24,20,7.65,1.3,0.2
25,-26.27,12.66,-65.20,21,34,19,26,7.57,1.3,0.2
26,-26.91,14.58,-68.40,33,26,19,22,7.76,1.3,0.2
27,-28.78,11.63,-69.20,31,23,24,22,7.59,1.3,0.2
28,-29.63,9.53,-68.80,29,28,27,16,7.50,1.3,0.2
29,-29.65,9.30,-68.60,23,35,21,21,7.57,1.3,0.2
30,-26.11,15.38,-67.60,24,31,25,20,7.45,1.3,0.2
31,-28.54,12.12,-69.20,32,24,22,22,7.56,1.3,0.2
32,-26.24,12.71,-65.20,28,23,26,23,7.03,1.3,0.2
33,-28.02,14.55,-70.60,28,28,21,23,7.92,1.3,0.2
34,-27.81,12.79,-68.40,23,27,32,18,7.48,1.3,0.2
35,-24.49,16.02,-65.00,29,35,17,19,7.31,1.3,0.2
36,-25.05,14.49,-64.60,29,31,20,20,7.39,1.3,0.2
37,-24.46,15.28,-64.20,32,22,26,20,7.29,1.3,0.2
38,-29.32,12.96,-71.60,23,28,26,23,7.75,1.3,0.2
39,-24.07,19.06,-67.20,36,24,16,24,7.59,1.3,0.2
40,-23.29,17.42,-64.00,31,29,18,22,7.30,1.3,0.2
41,-23.91,16.37,-64.20,36,34,14,16,7.40,1.3,0.2
42,-24.98,14.84,-64.80,30,33,19,18,7.13,1.3,0.2
43,-25.85,14.29,-66.00,33,33,18,16,7.55,1.3,0.2
44,-27.29,12.82,-67.40,32,33,18,17,7.84,1.3,0.2
45,-23.53,18.94,-66.00,29,36,21,14,7.53,1.3,0.2
46,-23.21,15.38,-61.80,33,31,21,15,7.17,1.3,0.2
47,-25.85,12.69,-64.40,28,37,23,12,7.30,1.3,0.2
48,-26.15,16.69,-69.00,40,21,18,21,7.50,1.3,0.2
49,-24.35,14.89,-63.60,42,27,12,19,7.03,1.3,0.2
50,-26.33,13.55,-66.20,32,30,18,20,7.77,1.3,0.2
51,-21.97,19.26,-63.20,31,30,24,15,7.25,1.3,0.2
52,-25.64,13.31,-64.60,32,30,15,23,7.60,1.3,0.2
53,-24.95,14.69,-64.60,37,25,21,17,7.45,1.3,0.2
54,-31.88,9.25,-73.00,32,25,21,22,7.90,1.3,0.2
55,-26.15,13.69,-66.00,30,28,19,23,7.50,1.3,0.2
56,-25.18,16.04,-66.40,42,26,15,17,7.09,1.3,0.2
57,-23.60,14.40,-61.60,35,34,13,18,7.25,1.3,0.2
58,-22.12,17.37,-61.60,29,39,11,21,7.37,1.3,0.2
59,-24.69,14.83,-64.20,37,31,13,19,7.30,1.3,0.2
60,-24.31,13.19,-61.80,35,37,16,12,7.17,1.3,0.2
61,-25.87,14.45,-66.20,30,37,21,12,7.46,1.3,0.2
62,-25.87,12.46,-64.20,29,35,18,18,7.23,1.3,0.2
63,-25.08,15.84,-66.00,44,28,15,13,7.74,1.3,0.2
64,-26.96,10.88,-64.80,42,33,11,14,7.25,1.3,0.2
65,-21.76,21.47,-65.00,46,30,12,12,7.81,1.3,0.2
66,-24.08,13.84,-62.00,34,40,13,13,6.90,1.3,0.2
67,-24.04,14.31,-62.40,29,39,12,20,6.68,1.3,0.2
68,-26.77,15.27,-68.80,37,25,24,14,8.13,1.3,0.2
69,-24.40,16.99,-65.80,46,31,16,7,7.83,1.3,0.2
70,-26.57,14.45,-67.60,47,30,13,10,7.81,1.3,0.2
71,-23.42,14.96,-61.80,41,27,19,13,6.94,1.3,0.2
72,-22.24,14.92,-59.40,29,50,14,7,6.91,1.3,0.2
73,-20.87,15.06,-56.80,46,36,5,13,6.88,1.3,0.2
74,-20.99,16.83,-58.80,32,41,10,17,6.57,1.3,0.2
75,-22.76,17.68,-63.20,42,36,9,13,7.18,1.3,0.2
76,-24.63,15.95,-65.20,45,28,12,15,7.08,1.3,0.2
77,-24.21,14.18,-62.60,44,30,13,13,7.32,1.3,0.2
78,-23.79,15.83,-63.40,33,40,13,14,7.40,1.3,0.2
79,-24.67,15.27,-64.60,43,37,10,10,7.57,1.3,0.2
80,-25.82,10.56,-62.20,41,34,10,15,7.16,1.3,0.2
81,-21.66,16.28,-59.60,47,36,10,7,6.93,1.3,0.2
82,-23.78,14.44,-62.00,36,46,5,13,7.56,1.3,0.2
83,-20.74,16.53,-58.00,37,42,12,9,6.69,1.3,0.2
84,-24.31,13.97,-62.60,38,36,14,12,7.12,1.3,0.2
85,-23.41,14.39,-61.20,36,45,13,6,7.17,1.3,0.2
86,-20.71,20.37,-61.80,45,41,6,8,7.23,1.3,0.2
87,-19.84,16.32,-56.00,32,50,8,10,6.64,1.3,0.2
88,-23.29,14.62,-61.20,43,42,10,5,7.33,1.3,0.2
89,-23.76,13.49,-61.00,38,44,8,10,7.52,1.3,0.2
90,-23.95,11.30,-59.20,34,50,12,4,6.80,1.3,0.2
91,-19.28,18.04,-56.60,35,47,9,9,6.72,1.3,0.2
92,-22.23,13.55,-58.00,33,46,10,11,7.12,1.3,0.2
93,-20.38,14.44,-55.20,34,50,7,9,6.35,1.3,0.2
94,-19.16,17.68,-56.00,31,54,6,9,6.89,1.3,0.2
95,-19.80,16.80,-56.40,28,55,11,6,6.94,1.3,0.2
96,-20.83,14.33,-56.00,34,54,6,6,6.67,1.3,0.2
97,-23.48,11.05,-58.00,23,60,9,8,6.93,1.3,0.2
98,-22.71,12.78,-58.20,26,55,10,9,6.97,1.3,0.2
99,-18.56,18.87,-56.00,25,59,6,10,6.50,1.3,0.2
100,-20.53,17.33,-58.40,23,61,7,9,6.69,1.3,0.2
101,-20.27,14.67,-55.20,31,54,7,8,6.55,1.3,0.2
102,-22.38,16.05,-60.80,25,53,8,14,7.08,1.3,0.2
103,-22.69,13.43,-58.80,19,68,5,8,6.89,1.3,0.2
104,-19.60,16.61,-55.80,23,62,6,9,6.44,1.3,0.2
105,-21.26,13.08,-55.60,20,63,8,9,7.02,1.3,0.2
106,-19.25,17.50,-56.00,21,67,6,6,6.91,1.3,0.2
107,-20.07,14.86,-55.00,22,69,2,7,6.56,1.3,0.2
108,-20.92,13.76,-55.60,16,66,9,9,6.50,1.3,0.2
109,-19.88,14.05,-53.80,20,71,7,2,6.48,1.3,0.2
110,-21.20,13.61,-56.00,18,71,3,8,6.65,1.3,0.2
111,-21.41,12.78,-55.60,15,73,9,3,6.63,1.3,0.2
112,-19.03,17.14,-55.20,33,54,5,8,6.58,1.3,0.2
113,-19.59,13.62,-52.80,16,73,8,3,6.30,1.3,0.2
114,-20.07,14.87,-55.00,22,67,4,7,6.64,1.3,0.2
115,-22.57,11.26,-56.40,28,60,6,6,6.43,1.3,0.2
116,-20.95,12.29,-54.20,25,63,6,6,6.43,1.3,0.2
117,-19.26,16.08,-54.60,21,68,6,5,6.72,1.3,0.2
118,-20.21,14.17,-54.60,24,66,6,4,6.57,1.3,0.2
119,-18.31,16.98,-53.60,30,62,4,4,6.50,1.3,0.2
120,-19.80,15.80,-55.40,18,72,7,3,6.66,1.3,0.2
121,-21.16,11.48,-53.80,20,72,4,4,6.39,1.3,0.2
122,-19.41,16.59,-55.40,22,68,4,6,6.49,1.3,0.2
123,-20.06,15.27,-55.40,29,59,7,5,6.52,1.3,0.2
124,-21.71,13.19,-56.60,28,62,5,5,6.50,1.3,0.2
125,-21.81,12.77,-56.40,26,63,6,5,6.71,1.3,0.2
126,-21.59,13.61,-56.80,40,47,9,4,6.38,1.3,0.2
127,-21.45,13.90,-56.80,26,60,9,5,7.03,1.3,0.2
128,-20.39,16.01,-56.80,20,67,7,6,7.07,1.3,0.2
129,-19.87,13.06,-52.80,30,61,6,3,6.45,1.3,0.2
130,-20.94,15.32,-57.20,30,60,6,4,6.92,1.3,0.2
131,-19.76,14.48,-54.00,24,60,8,8,6.45,1.3,0.2
132,-20.49,15.02,-56.00,24,59,12,5,6.87,1.3,0.2
133,-19.98,16.65,-56.60,32,55,6,7,6.74,1.3,0.2
134,-19.05,15.90,-54.00,27,59,8,6,6.65,1.3,0.2
135,-20.38,16.05,-56.80,24,60,7,9,6.78,1.3,0.2
136,-21.08,16.64,-58.80,24,57,13,6,7.17,1.3,0.2
137,-21.01,13.59,-55.60,22,62,10,6,6.78,1.3,0.2
138,-21.13,13.53,-55.80,23,68,3,6,6.57,1.3,0.2
139,-20.48,14.25,-55.20,21,66,5,8,6.75,1.3,0.2
140,-20.56,13.07,-54.20,16,71,7,6,6.49,1.3,0.2
141,-18.78,17.43,-55.00,28,64,5,3,6.69,1.3,0.2
142,-20.66,12.09,-53.40,20,69,8,3,5.99,1.3,0.2
143,-23.18,9.84,-56.20,21,61,14,4,6.28,1.3,0.2
144,-21.02,16.76,-58.80,20,62,11,7,6.62,1.3,0.2
145,-20.87,16.46,-58.20,29,54,8,9,6.79,1.3,0.2
146,-19.44,16.12,-55.00,20,64,8,8,6.62,1.3,0.2
147,-21.88,13.05,-56.80,19,68,6,7,6.70,1.3,0.2
148,-21.06,15.47,-57.60,23,67,4,6,6.58,1.3,0.2
149,-20.62,14.96,-56.20,16,70,8,6,6.76,1.3,0.2
150,-21.59,11.03,-54.20,17,70,8,5,6.37,1.3,0.2
151,-20.98,13.44,-55.40,21,67,7,5,6.71,1.3,0.2
152,-18.49,17.41,-54.40,21,68,5,6,6.79,1.3,0.2
153,-18.79,18.82,-56.40,18,70,9,3,7.15,1.3,0.2
154,-20.30,15.59,-56.20,19,64,6,11,7.03,1.3,0.2
155,-22.57,11.26,-56.40,16,74,7,3,6.80,1.3,0.2
156,-19.00,15.00,-53.00,15,71,8,6,6.42,1.3,0.2
157,-22.43,13.55,-58.40,18,64,11,7,6.85,1.3,0.2
158,-22.52,11.36,-56.40,21,70,5,4,6.74,1.3,0.2
159,-19.52,16.36,-55.40,13,75,8,4,6.86,1.3,0.2
160,-20.04,13.72,-53.80,12,81,4,3,6.57,1.3,0.2
161,-18.41,16.17,-53.00,14,73,6,7,6.43,1.3,0.2
162,-21.61,15.57,-58.80,15,68,9,8,7.06,1.3,0.2
163,-18.06,17.48,-53.60,13,75,4,8,6.44,1.3,0.2
164,-19.41,16.58,-55.40,14,67,8,11,6.66,1.3,0.2
165,-22.95,10.71,-56.60,17,62,11,10,6.53,1.3,0.2
166,-19.10,15.20,-53.40,13,72,7,8,6.39,1.3,0.2
167,-20.74,14.32,-55.80,15,71,7,7,6.61,1.3,0.2
168,-21.61,13.58,-56.80,13,68,7,12,6.83,1.3,0.2
169,-18.52,17.57,-54.60,18,66,8,8,6.71,1.3,0.2
170,-20.00,13.80,-53.80,19,64,6,11,6.40,1.3,0.2
171,-20.63,14.14,-55.40,16,66,7,11,6.66,1.3,0.2
172,-17.80,16.00,-51.60,10,79,7,4,6.62,1.3,0.2
173,-23.63,10.34,-57.60,11,68,14,7,6.90,1.3,0.2
174,-20.05,15.10,-55.20,12,73,10,5,6.55,1.3,0.2
175,-21.67,13.87,-57.20,15,73,6,6,6.66,1.3,0.2
176,-17.29,20.23,-54.80,13,75,6,6,7.15,1.3,0.2
177,-18.49,18.03,-55.00,11,75,7,7,6.87,1.3,0.2
178,-21.60,12.80,-56.00,18,64,11,7,6.56,1.3,0.2
179,-19.50,16.59,-55.60,9,76,7,8,6.95,1.3,0.2
180,-18.30,15.99,-52.60,9,78,6,7,6.27,1.3,0.2
181,-18.82,16.56,-54.20,10,78,4,8,6.73,1.3,0.2
182,-21.55,12.30,-55.40,11,76,6,7,6.78,1.3,0.2
183,-20.03,15.74,-55.80,14,74,9,3,6.89,1.3,0.2
184,-21.21,10.98,-53.40,12,71,8,9,6.31,1.3,0.2
185,-20.61,14.17,-55.40,11,72,8,9,6.39,1.3,0.2
186,-19.23,14.15,-52.60,10,74,6,10,6.41,1.3,0.2
187,-19.83,14.14,-53.80,10,74,7,9,6.62,1.3,0.2
188,-20.51,15.98,-57.00,10,77,7,6,7.04,1.3,0.2
189,-19.61,13.38,-52.60,8,77,8,7,6.40,1.3,0.2
190,-18.19,18.81,-55.20,9,74,8,9,6.86,1.3,0.2
191,-19.90,12.60,-52.40,11,73,8,8,6.25,1.3,0.2
192,-19.01,17.79,-55.80,15,67,8,10,7.01,1.3,0.2
193,-19.27,17.46,-56.00,20,73,2,5,7.26,1.3,0.2
194,-18.29,15.23,-51.80,15,79,2,4,6.47,1.3,0.2
195,-19.06,14.88,-53.00,10,74,9,7,6.53,1.3,0.2
196,-21.63,14.34,-57.60,10,74,7,9,7.23,1.3,0.2
197,-19.70,14.39,-53.80,16,71,5,8,6.46,1.3,0.2
198,-18.78,17.03,-54.60,11,75,6,8,6.96,1.3,0.2
199,-17.63,17.74,-53.00,12,75,4,9,6.75,1.3,0.2
200,-20.01,13.17,-53.20,8,82,2,8,6.41,1.3,0.2
201,-18.66,16.68,-54.00,8,74,12,6,6.24,1.3,0.2
202,-21.18,10.65,-53.00,10,78,7,5,6.00,1.3,0.2
203,-19.33,14.14,-52.80,12,76,3,9,6.34,1.3,0.2
204,-21.01,12.99,-55.00,10,81,6,3,6.59,1.3,0.2
205,-21.51,12.38,-55.40,11,74,6,9,6.70,1.3,0.2
206,-20.76,13.27,-54.80,9,77,2,12,6.76,1.3,0.2
207,-21.57,13.86,-57.00,11,78,3,8,6.84,1.3,0.2
208,-20.64,16.51,-57.80,14,72,5,9,7.11,1.3,0.2
209,-19.71,13.59,-53.00,12,74,8,6,6.42,1.3,0.2
210,-18.31,15.17,-51.80,7,78,7,8,6.47,1.3,0.2
211,-22.34,13.31,-58.00,10,73,7,10,7.19,1.3,0.2
212,-21.84,13.71,-57.40,11,70,13,6,6.75,1.3,0.2
213,-20.22,12.76,-53.20,11,72,9,8,6.39,1.3,0.2
214,-21.35,12.69,-55.40,12,72,6,10,6.40,1.3,0.2
215,-19.16,14.28,-52.60,18,73,5,4,6.21,1.3,0.2
216,-20.26,13.68,-54.20,17,70,7,6,6.27,1.3,0.2
217,-19.27,14.86,-53.40,9,79,2,10,6.52,1.3,0.2
218,-20.75,13.10,-54.60,6,77,4,13,6.56,1.3,0.2
219,-18.60,15.20,-52.40,12,73,8,7,6.41,1.3,0.2
220,-22.76,12.87,-58.40,12,70,10,8,7.07,1.3,0.2
221,-18.74,17.51,-55.00,9,72,12,7,6.67,1.3,0.2
222,-18.94,12.72,-50.60,8,75,8,9,6.00,1.3,0.2
223,-19.03,14.34,-52.40,8,82,3,7,6.68,1.3,0.2
224,-21.32,11.16,-53.80,17,72,2,9,6.25,1.3,0.2
225,-17.79,16.22,-51.80,10,78,9,3,6.30,1.3,0.2
226,-21.75,13.50,-57.00,10,81,8,1,6.82,1.3,0.2
227,-21.26,11.48,-54.00,17,69,8,6,6.61,1.3,0.2
228,-20.23,15.53,-56.00,21,64,6,9,6.80,1.3,0.2
229,-17.83,17.94,-53.60,17,67,8,8,6.59,1.3,0.2
230,-19.97,13.05,-53.00,16,73,4,7,6.43,1.3,0.2
231,-19.48,15.23,-54.20,10,79,8,3,6.74,1.3,0.2
232,-14.50,21.80,-50.80,9,88,1,2,6.30,1.3,0.2
233,-18.21,15.19,-51.60,12,84,2,2,6.28,1.3,0.2
234,-21.02,11.55,-53.60,7,80,6,7,6.55,1.3,0.2
235,-19.97,13.05,-53.00,12,77,7,4,6.15,1.3,0.2
236,-20.16,13.29,-53.60,6,85,4,5,6.78,1.3,0.2
237,-18.75,16.29,-53.80,13,79,3,5,6.58,1.3,0.2
238,-20.32,12.76,-53.40,7,87,4,2,6.37,1.3,0.2
239,-19.75,12.50,-52.00,7,84,6,3,6.53,1.3,0.2
240,-21.33,13.54,-56.20,12,73,5,10,6.79,1.3,0.2
241,-19.77,14.26,-53.80,10,83,4,3,6.43,1.3,0.2
242,-18.84,14.12,-51.80,11,80,3,6,6.20,1.3,0.2
243,-18.33,18.74,-55.40,10,83,3,4,6.73,1.3,0.2
244,-17.77,18.87,-54.40,10,82,2,6,6.79,1.3,0.2
245,-19.99,13.43,-53.40,3,94,1,2,6.27,1.3,0.2
246,-18.16,16.67,-53.00,5,86,5,4,6.44,1.3,0.2
247,-17.69,17.22,-52.60,10,85,4,1,6.62,1.3,0.2
248,-18.37,15.85,-52.60,13,81,4,2,6.47,1.3,0.2
249,-18.42,13.16,-50.00,6,88,3,3,6.16,1.3,0.2
250,-19.28,14.04,-52.60,11,81,5,3,6.41,1.3,0.2
251,-18.35,16.89,-53.60,9,82,8,1,6.58,1.3,0.2
252,-19.59,15.83,-55.00,2,92,4,2,7.04,1.3,0.2
253,-19.59,14.42,-53.60,6,81,2,11,6.44,1.3,0.2
254,-17.81,18.18,-53.80,15,79,2,4,7.08,1.3,0.2
255,-17.41,15.38,-50.20,9,84,3,4,6.12,1.3,0.2
256,-19.32,17.55,-56.20,9,84,1,6,6.96,1.3,0.2
257,-18.12,18.77,-55.00,8,86,2,4,7.04,1.3,0.2
258,-20.08,13.24,-53.40,13,79,3,5,6.73,1.3,0.2
259,-18.69,15.83,-53.20,11,83,0,6,6.50,1.3,0.2
260,-18.19,15.63,-52.00,9,80,5,6,6.34,1.3,0.2
261,-17.37,17.47,-52.20,11,85,2,2,6.34,1.3,0.2
262,-20.11,15.97,-56.20,12,79,5,4,6.84,1.3,0.2
263,-16.89,20.62,-54.40,6,83,8,3,6.92,1.3,0.2
264,-20.15,15.91,-56.20,7,81,6,6,6.82,1.3,0.2
265,-19.50,15.60,-54.60,7,86,6,1,6.81,1.3,0.2
266,-17.54,18.31,-53.40,13,81,2,4,6.59,1.3,0.2
267,-15.87,19.86,-51.60,9,85,3,3,6.42,1.3,0.2
268,-19.65,17.69,-57.00,10,86,3,1,6.85,1.3,0.2
269,-18.21,14.59,-51.00,7,87,4,2,5.95,1.3,0.2
270,-20.70,11.01,-52.40,6,90,2,2,6.28,1.3,0.2
271,-18.15,17.70,-54.00,9,87,2,2,6.74,1.3,0.2
272,-21.37,12.26,-55.00,11,84,2,3,6.57,1.3,0.2
273,-19.72,13.17,-52.60,8,92,0,0,6.49,1.3,0.2
274,-18.95,14.91,-52.80,6,88,5,1,6.16,1.3,0.2
275,-17.05,17.69,-51.80,12,84,2,2,6.17,1.3,0.2
276,-19.45,12.91,-51.80,8,87,2,3,6.11,1.3,0.2
277,-17.82,16.36,-52.00,10,82,7,1,6.43,1.3,0.2
278,-17.99,16.02,-52.00,13,85,1,1,6.22,1.3,0.2
279,-18.64,14.71,-52.00,10,81,3,6,6.50,1.3,0.2
280,-21.48,12.45,-55.40,9,83,5,3,6.60,1.3,0.2
281,-18.99,16.02,-54.00,11,79,5,5,6.61,1.3,0.2
282,-18.77,14.26,-51.80,7,88,2,3,5.98,1.3,0.2
283,-17.59,16.62,-51.80,11,83,2,4,6.35,1.3,0.2
284,-17.35,17.30,-52.00,6,85,6,3,6.26,1.3,0.2
285,-16.72,19.56,-53.00,9,84,2,5,6.87,1.3,0.2
286,-16.70,19.59,-53.00,7,90,2,1,6.65,1.3,0.2
287,-19.96,12.07,-52.00,6,88,3,3,6.58,1.3,0.2
288,-17.74,15.72,-51.20,7,84,2,7,6.57,1.3,0.2
289,-18.63,15.74,-53.00,6,89,1,4,6.61,1.3,0.2
290,-20.91,11.98,-53.80,8,88,2,2,6.38,1.3,0.2
291,-20.44,12.12,-53.00,5,89,3,3,6.72,1.3,0.2
292,-19.49,13.81,-52.80,9,85,5,1,6.22,1.3,0.2
293,-17.75,16.71,-52.20,10,87,2,1,6.41,1.3,0.2
294,-19.16,13.89,-52.20,6,91,2,1,6.46,1.3,0.2
295,-18.40,14.21,-51.00,6,89,4,1,6.22,1.3,0.2
296,-21.74,9.93,-53.40,5,86,7,2,6.38,1.3,0.2
297,-19.55,14.31,-53.40,6,91,2,1,6.61,1.3,0.2
298,-19.30,17.81,-56.40,9,87,3,1,7.12,1.3,0.2
299,-16.89,17.62,-51.40,10,89,1,0,6.18,1.3,0.2
300,-17.38,17.44,-52.20,10,85,3,2,6.37,1.3,0.2
301,-18.32,15.76,-52.40,7,88,2,3,6.12,1.3,0.2
302,-18.88,15.04,-52.80,6,85,5,4,6.45,1.3,0.2
303,-18.14,16.12,-52.40,5,87,3,5,6.18,1.3,0.2
304,-18.50,15.59,-52.60,12,84,3,1,6.59,1.3,0.2
305,-18.15,17.91,-54.20,5,85,5,5,6.85,1.3,0.2
306,-17.55,18.70,-53.80,7,82,5,6,6.54,1.3,0.2
307,-20.46,13.28,-54.20,9,88,2,1,6.47,1.3,0.2
308,-18.40,17.80,-54.60,10,86,2,2,6.79,1.3,0.2
309,-18.54,16.32,-53.40,10,86,1,3,6.81,1.3,0.2
310,-16.63,19.94,-53.20,5,89,3,3,6.68,1.3,0.2
311,-18.48,15.25,-52.20,7,85,4,4,6.72,1.3,0.2
312,-17.48,16.63,-51.60,9,89,1,1,6.20,1.3,0.2
313,-17.19,15.41,-49.80,5,89,4,2,6.40,1.3,0.2
314,-19.22,12.36,-50.80,2,91,5,2,6.00,1.3,0.2
315,-19.02,15.16,-53.20,7,87,5,1,6.60,1.3,0.2
316,-17.52,19.36,-54.40,2,94,3,1,7.00,1.3,0.2
317,-18.80,16.00,-53.60,3,91,5,1,6.83,1.3,0.2
318,-20.58,10.23,-51.40,4,91,1,4,6.09,1.3,0.2
319,-20.25,14.30,-54.80,7,86,4,3,6.57,1.3,0.2
320,-17.26,15.27,-49.80,9,89,1,1,5.95,1.3,0.2
321,-18.75,15.10,-52.60,6,91,2,1,6.51,1.3,0.2
322,-18.41,15.38,-52.20,9,90,0,1,6.19,1.3,0.2
323,-18.84,13.71,-51.40,4,92,1,3,6.27,1.3,0.2
324,-19.88,12.44,-52.20,2,92,4,2,6.31,1.3,0.2
325,-18.09,17.01,-53.20,4,90,3,3,6.59,1.3,0.2
326,-17.38,16.44,-51.20,4,92,3,1,6.45,1.3,0.2
327,-19.99,13.42,-53.40,7,90,2,1,6.42,1.3,0.2
328,-18.44,13.92,-50.80,5,90,2,3,6.13,1.3,0.2
329,-19.67,11.07,-50.40,7,89,2,2,5.93,1.3,0.2
330,-19.64,13.71,-53.00,5,94,0,1,6.34,1.3,0.2
331,-17.76,15.48,-51.00,4,95,1,0,6.10,1.3,0.2
332,-19.05,14.10,-52.20,4,91,3,2,6.21,1.3,0.2
333,-17.31,15.38,-50.00,3,93,2,2,6.12,1.3,0.2
334,-20.53,11.95,-53.00,5,94,0,1,6.40,1.3,0.2
335,-19.28,12.24,-50.80,2,93,0,5,5.92,1.3,0.2
336,-19.20,13.19,-51.60,2,96,0,2,6.43,1.3,0.2
337,-17.85,17.29,-53.00,5,91,3,1,6.45,1.3,0.2
338,-16.61,17.18,-50.40,13,86,1,0,6.23,1.3,0.2
339,-21.10,12.99,-55.20,3,93,1,3,6.72,1.3,0.2
340,-19.01,15.37,-53.40,3,93,3,1,6.71,1.3,0.2
341,-19.96,12.07,-52.00,5,92,2,1,6.58,1.3,0.2
342,-18.84,15.12,-52.80,9,85,2,4,6.31,1.3,0.2
343,-18.68,14.04,-51.40,4,93,1,2,6.20,1.3,0.2
344,-18.35,14.50,-51.20,9,86,1,4,6.37,1.3,0.2
345,-17.20,17.79,-52.20,8,88,2,2,6.20,1.3,0.2
346,-19.26,15.27,-53.80,6,84,5,5,6.29,1.3,0.2
347,-19.99,10.61,-50.60,7,88,5,0,6.03,1.3,0.2
348,-20.18,12.23,-52.60,5,91,3,1,6.42,1.3,0.2
349,-19.32,12.57,-51.20,9,87,2,2,6.10,1.3,0.2
350,-19.93,11.93,-51.80,7,92,0,1,6.21,1.3,0.2
351,-19.87,16.66,-56.40,6,90,3,1,7.35,1.3,0.2
352,-19.68,11.63,-51.00,5,88,4,3,6.23,1.3,0.2
353,-18.11,15.98,-52.20,1,96,3,0,6.47,1.3,0.2
354,-20.06,14.27,-54.40,5,92,3,0,7.03,1.3,0.2
355,-16.15,19.51,-51.80,6,89,4,1,6.39,1.3,0.2
356,-19.17,14.66,-53.00,4,94,1,1,6.18,1.3,0.2
357,-18.11,16.38,-52.60,3,97,0,0,6.26,1.3,0.2
358,-16.76,17.48,-51.00,6,93,0,1,6.37,1.3,0.2
359,-16.97,16.66,-50.60,8,89,3,0,6.22,1.3,0.2
360,-18.44,17.12,-54.00,5,93,1,1,6.79,1.3,0.2
361,-19.04,14.12,-52.20,5,90,2,3,6.06,1.3,0.2
362,-16.71,17.39,-50.80,5,91,3,1,6.53,1.3,0.2
363,-20.03,11.93,-52.00,7,93,0,0,6.30,1.3,0.2
364,-19.63,15.54,-54.80,5,89,5,1,6.81,1.3,0.2
365,-18.14,14.72,-51.00,6,91,1,2,5.99,1.3,0.2
366,-19.55,16.30,-55.40,8,89,2,1,6.87,1.3,0.2
367,-19.33,13.74,-52.40,7,88,3,2,6.28,1.3,0.2
368,-17.54,17.12,-52.20,8,89,2,1,6.15,1.3,0.2
369,-17.42,16.16,-51.00,11,84,2,3,6.31,1.3,0.2
370,-21.00,13.61,-55.60,10,84,3,3,7.23,1.3,0.2
371,-18.14,14.72,-51.00,7,92,1,0,5.99,1.3,0.2
372,-19.24,15.52,-54.00,12,82,6,0,6.66,1.3,0.2
373,-18.47,14.26,-51.20,6,92,1,1,6.32,1.3,0.2
374,-19.55,13.69,-52.80,14,83,1,2,6.39,1.3,0.2
375,-17.80,16.40,-52.00,8,87,3,2,6.45,1.3,0.2
376,-17.43,15.95,-50.80,7,92,1,0,6.13,1.3,0.2
377,-20.49,12.41,-53.40,7,88,4,1,6.41,1.3,0.2
378,-20.54,14.32,-55.40,6,91,2,1,6.94,1.3,0.2
379,-18.04,15.31,-51.40,9,90,1,0,6.30,1.3,0.2
380,-18.78,17.44,-55.00,4,91,4,1,6.90,1.3,0.2
381,-18.65,14.10,-51.40,7,91,2,0,6.14,1.3,0.2
382,-19.14,14.31,-52.60,9,88,1,2,6.61,1.3,0.2
383,-18.04,14.93,-51.00,11,87,0,2,6.07,1.3,0.2
384,-19.25,14.90,-53.40,10,90,0,0,6.67,1.3,0.2
385,-17.59,16.22,-51.40,9,88,3,0,6.17,1.3,0.2
386,-19.17,15.05,-53.40,10,85,2,3,6.71,1.3,0.2
387,-17.36,15.88,-50.60,7,90,0,3,6.23,1.3,0.2
388,-17.37,19.86,-54.60,6,92,1,1,6.91,1.3,0.2
389,-18.11,15.98,-52.20,3,95,1,1,6.47,1.3,0.2
390,-16.80,16.00,-49.60,5,94,1,0,5.82,1.3,0.2
391,-18.92,15.55,-53.40,4,89,3,4,6.30,1.3,0.2
392,-18.11,15.98,-52.20,4,94,2,0,6.47,1.3,0.2
393,-17.45,17.10,-52.00,10,88,1,1,6.40,1.3,0.2
394,-20.87,14.87,-56.60,8,87,2,3,6.66,1.3,0.2
395,-18.11,15.98,-52.20,7,92,1,0,6.47,1.3,0.2
396,-17.07,17.65,-51.80,4,92,1,3,6.50,1.3,0.2
397,-19.39,15.03,-53.80,11,84,5,0,6.61,1.3,0.2
398,-19.33,14.75,-53.40,4,93,1,2,6.65,1.3,0.2
399,-15.87,17.66,-49.40,6,89,3,2,5.90,1.3,0.2
400,-19.44,15.13,-54.00,6,92,2,0,6.51,1.3,0.2
401,-19.06,18.09,-56.20,1,96,0,3,7.35,1.3,0.2
402,-17.63,15.74,-51.00,5,93,1,1,6.18,1.3,0.2
403,-16.76,18.68,-52.20,5,93,2,0,6.31,1.3,0.2
404,-17.38,17.43,-52.20,7,88,3,2,6.33,1.3,0.2
405,-17.43,18.34,-53.20,7,93,0,0,6.29,1.3,0.2
406,-19.88,12.44,-52.20,6,92,2,0,6.31,1.3,0.2
407,-19.05,13.90,-52.00,7,88,2,3,6.47,1.3,0.2
408,-16.43,16.33,-49.20,3,96,0,1,5.83,1.3,0.2
409,-20.95,10.31,-52.20,5,94,0,1,6.19,1.3,0.2
410,-17.56,19.48,-54.60,6,93,1,0,6.84,1.3,0.2
411,-19.35,13.70,-52.40,7,91,1,1,6.50,1.3,0.2
412,-20.53,11.95,-53.00,4,94,1,1,6.40,1.3,0.2
413,-17.91,16.38,-52.20,6,92,2,0,6.26,1.3,0.2
414,-18.26,15.89,-52.40,8,91,1,0,6.37,1.3,0.2
415,-16.43,16.33,-49.20,5,94,0,1,5.83,1.3,0.2
416,-18.62,16.97,-54.20,3,91,3,3,6.72,1.3,0.2
417,-20.73,11.95,-53.40,4,93,1,2,6.40,1.3,0.2
418,-17.91,16.38,-52.20,4,96,0,0,6.26,1.3,0.2
419,-18.63,17.34,-54.60,7,89,3,1,6.62,1.3,0.2
420,-17.91,16.38,-52.20,2,98,0,0,6.26,1.3,0.2
421,-20.44,11.33,-52.20,8,87,5,0,6.45,1.3,0.2
422,-20.53,11.95,-53.00,7,92,1,0,6.40,1.3,0.2
423,-18.20,15.60,-52.00,3,92,4,1,6.39,1.3,0.2
424,-16.90,16.00,-49.80,4,94,1,1,5.82,1.3,0.2
425,-18.39,13.02,-49.80,9,88,2,1,6.03,1.3,0.2
426,-16.90,18.40,-52.20,8,90,1,1,6.51,1.3,0.2
427,-20.30,12.00,-52.60,4,95,1,0,6.42,1.3,0.2
428,-17.91,16.38,-52.20,3,96,1,0,6.26,1.3,0.2
429,-17.91,16.38,-52.20,3,93,4,0,6.26,1.3,0.2
430,-17.35,17.10,-51.80,8,90,1,1,6.40,1.3,0.2
431,-16.31,17.38,-50.00,4,94,2,0,5.99,1.3,0.2
432,-17.91,16.38,-52.20,3,97,0,0,6.26,1.3,0.2
433,-17.91,16.38,-52.20,3,97,0,0,6.26,1.3,0.2
434,-20.22,12.55,-53.00,4,96,0,0,6.37,1.3,0.2
435,-20.73,11.95,-53.40,8,91,1,0,6.40,1.3,0.2
436,-19.42,15.55,-54.40,10,87,3,0,6.81,1.3,0.2
437,-18.37,17.47,-54.20,7,92,0,1,7.00,1.3,0.2
438,-19.69,12.42,-51.80,5,93,2,0,6.39,1.3,0.2
439,-17.13,17.94,-52.20,3,94,2,1,6.38,1.3,0.2
440,-19.08,15.45,-53.60,6,94,0,0,6.76,1.3,0.2
441,-20.53,11.95,-53.00,4,95,0,1,6.40,1.3,0.2
442,-17.91,16.38,-52.20,3,97,0,0,6.26,1.3,0.2
443,-16.91,15.19,-49.00,3,96,1,0,6.06,1.3,0.2
444,-17.26,15.27,-49.80,3,94,2,1,5.95,1.3,0.2
445,-19.74,13.93,-53.40,3,96,0,1,6.59,1.3,0.2
446,-19.33,14.34,-53.00,2,97,1,0,6.72,1.3,0.2
447,-17.91,16.38,-52.20,3,95,1,1,6.26,1.3,0.2
448,-17.91,16.38,-52.20,4,94,0,2,6.26,1.3,0.2
449,-18.11,15.98,-52.20,1,97,1,1,6.47,1.3,0.2
450,-19.88,13.84,-53.60,7,93,0,0,5.89,1.3,0.2
451,-20.98,11.84,-53.80,5,91,3,1,6.52,1.3,0.2
452,-17.26,15.27,-49.80,1,97,2,0,5.95,1.3,0.2
453,-18.11,15.98,-52.20,4,93,2,1,6.47,1.3,0.2
454,-20.53,11.95,-53.00,10,90,0,0,6.40,1.3,0.2
455,-20.53,11.95,-53.00,3,94,2,1,6.40,1.3,0.2
456,-18.90,14.20,-52.00,4,92,3,1,6.26,1.3,0.2
457,-18.40,13.39,-50.20,5,92,2,1,5.99,1.3,0.2
458,-17.91,16.38,-52.20,2,96,1,1,6.26,1.3,0.2
459,-20.53,11.95,-53.00,3,93,4,0,6.40,1.3,0.2
460,-18.58,16.24,-53.40,10,90,0,0,6.78,1.3,0.2
461,-15.91,17.38,-49.20,7,92,0,1,5.99,1.3,0.2
462,-17.91,16.38,-52.20,1,97,0,2,6.26,1.3,0.2
463,-17.31,15.19,-49.80,4,95,1,0,6.06,1.3,0.2
464,-18.01,16.38,-52.40,6,94,0,0,6.26,1.3,0.2
465,-17.91,16.38,-52.20,4,94,2,0,6.26,1.3,0.2
466,-17.12,16.56,-50.80,5,93,1,1,6.16,1.3,0.2
467,-16.05,16.70,-48.80,6,92,2,0,6.09,1.3,0.2
468,-18.39,14.82,-51.60,6,92,0,2,6.29,1.3,0.2
469,-16.43,16.33,-49.20,1,97,1,1,5.83,1.3,0.2
470,-17.91,16.38,-52.20,4,96,0,0,6.26,1.3,0.2
471,-18.11,15.98,-52.20,6,92,1,1,6.47,1.3,0.2
472,-18.99,15.03,-53.00,10,88,1,1,6.67,1.3,0.2
473,-18.41,15.77,-52.60,9,91,0,0,6.42,1.3,0.2
474,-17.44,18.72,-53.60,7,91,2,0,6.76,1.3,0.2
475,-18.96,14.88,-52.80,7,92,0,1,6.52,1.3,0.2
476,-19.96,14.68,-54.60,7,93,0,0,6.66,1.3,0.2
477,-16.43,16.33,-49.20,4,95,1,0,5.83,1.3,0.2
478,-17.02,17.16,-51.20,8,91,1,0,6.14,1.3,0.2
479,-19.25,15.31,-53.80,6,93,0,1,6.79,1.3,0.2
480,-17.44,15.33,-50.20,3,97,0,0,6.07,1.3,0.2
481,-19.64,13.71,-53.00,4,94,2,0,6.34,1.3,0.2
482,-19.84,13.71,-53.40,9,89,0,2,6.34,1.3,0.2
483,-18.55,13.90,-51.00,6,94,0,0,6.47,1.3,0.2
484,-16.98,16.84,-50.80,8,91,0,1,6.14,1.3,0.2
485,-17.91,16.38,-52.20,6,93,0,1,6.26,1.3,0.2
486,-20.53,11.95,-53.00,3,95,0,2,6.40,1.3,0.2
487,-18.48,14.44,-51.40,4,93,0,3,6.23,1.3,0.2
488,-17.91,16.38,-52.20,1,98,1,0,6.26,1.3,0.2
489,-18.41,15.77,-52.60,4,96,0,0,6.42,1.3,0.2
490,-17.36,15.27,-50.00,4,94,1,1,5.95,1.3,0.2
491,-17.22,16.36,-50.80,9,90,0,1,6.24,1.3,0.2
492,-17.82,17.75,-53.40,8,90,1,1,6.80,1.3,0.2
493,-17.46,16.47,-51.40,8,88,1,3,6.35,1.3,0.2
494,-15.96,18.68,-50.60,5,95,0,0,6.31,1.3,0.2
495,-19.69,13.02,-52.40,5,94,0,1,6.39,1.3,0.2
496,-17.04,16.71,-50.80,3,96,1,0,6.28,1.3,0.2
497,-17.92,16.16,-52.00,5,93,0,2,6.63,1.3,0.2
498,-19.87,14.45,-54.20,6,93,1,0,6.65,1.3,0.2
499,-17.04,16.72,-50.80,5,93,2,0,6.20,1.3,0.2
500,-19.14,17.73,-56.00,5,91,3,1,6.85,1.3,0.2
