episode, reward, reward_tard, reward_setup 
1,-56.74,-85.87,-27.60
2,-55.68,-77.56,-33.80
3,-61.74,-84.68,-38.80
4,-59.63,-81.25,-38.00
5,-49.08,-64.16,-34.00
6,-59.31,-77.63,-41.00
7,-67.81,-95.82,-39.80
8,-56.57,-76.54,-36.60
9,-60.13,-81.65,-38.60
10,-66.46,-95.12,-37.80
11,-56.15,-70.70,-41.60
12,-70.78,-98.36,-43.20
13,-60.94,-86.48,-35.40
14,-65.34,-92.88,-37.80
15,-59.94,-79.29,-40.60
16,-57.91,-79.42,-36.40
17,-71.04,-99.28,-42.80
18,-62.77,-88.33,-37.20
19,-65.75,-88.90,-42.60
20,-67.82,-92.03,-43.60
21,-58.56,-74.72,-42.40
22,-66.74,-93.29,-40.20
23,-61.79,-87.19,-36.40
24,-63.79,-98.37,-29.20
25,-64.41,-86.42,-42.40
26,-65.39,-92.39,-38.40
27,-58.79,-80.18,-37.40
28,-66.41,-93.42,-39.40
29,-68.13,-93.47,-42.80
30,-66.22,-93.63,-38.80
31,-60.50,-82.21,-38.80
32,-66.57,-96.34,-36.80
33,-56.32,-75.45,-37.20
34,-60.86,-82.53,-39.20
35,-58.27,-77.34,-39.20
36,-59.67,-83.33,-36.00
37,-54.93,-76.05,-33.80
38,-60.29,-92.17,-28.40
39,-49.41,-72.22,-26.60
40,-55.16,-84.52,-25.80
41,-56.63,-81.47,-31.80
42,-59.26,-96.52,-22.00
43,-58.45,-92.10,-24.80
44,-65.70,-92.01,-39.40
45,-50.21,-67.82,-32.60
46,-55.28,-82.55,-28.00
47,-61.37,-94.33,-28.40
48,-58.86,-92.12,-25.60
49,-52.36,-77.92,-26.80
50,-61.92,-97.44,-26.40
51,-48.72,-70.63,-26.80
52,-65.11,-97.61,-32.60
53,-44.05,-59.91,-28.20
54,-61.36,-89.92,-32.80
55,-60.85,-91.70,-30.00
56,-52.38,-81.56,-23.20
57,-57.72,-89.43,-26.00
58,-60.26,-90.52,-30.00
59,-59.32,-94.65,-24.00
60,-53.21,-75.22,-31.20
61,-54.04,-84.47,-23.60
62,-65.47,-96.15,-34.80
63,-50.54,-70.28,-30.80
64,-51.36,-76.33,-26.40
65,-58.58,-88.76,-28.40
66,-62.18,-96.96,-27.40
67,-60.60,-91.79,-29.40
68,-57.46,-90.53,-24.40
69,-55.53,-83.05,-28.00
70,-59.94,-85.27,-34.60
71,-52.37,-75.34,-29.40
72,-55.12,-91.64,-18.60
73,-47.86,-69.31,-26.40
74,-61.07,-91.75,-30.40
75,-50.19,-75.99,-24.40
76,-55.72,-80.45,-31.00
77,-62.17,-96.15,-28.20
78,-65.49,-98.59,-32.40
79,-50.39,-72.57,-28.20
80,-57.75,-88.51,-27.00
81,-54.37,-86.94,-21.80
82,-60.46,-88.33,-32.60
83,-44.68,-58.75,-30.60
84,-49.65,-71.50,-27.80
85,-62.11,-97.02,-27.20
86,-54.56,-89.72,-19.40
87,-63.58,-99.37,-27.80
88,-54.25,-77.71,-30.80
89,-52.29,-75.38,-29.20
90,-56.23,-85.86,-26.60
91,-55.66,-85.32,-26.00
92,-65.06,-92.91,-37.20
93,-59.64,-87.67,-31.60
94,-47.45,-61.70,-33.20
95,-59.74,-89.88,-29.60
96,-57.79,-79.57,-36.00
97,-55.64,-79.87,-31.40
98,-48.89,-68.38,-29.40
99,-55.27,-87.35,-23.20
100,-63.55,-95.71,-31.40
101,-54.96,-77.53,-32.40
102,-60.61,-94.82,-26.40
103,-50.80,-67.79,-33.80
104,-52.58,-79.17,-26.00
105,-63.18,-96.95,-29.40
106,-56.70,-83.60,-29.80
107,-57.19,-88.18,-26.20
108,-62.64,-94.89,-30.40
109,-60.51,-89.62,-31.40
110,-56.64,-76.08,-37.20
111,-66.66,-95.12,-38.20
112,-66.61,-97.21,-36.00
113,-68.98,-95.36,-42.60
114,-62.89,-87.39,-38.40
115,-60.11,-80.41,-39.80
116,-60.10,-84.21,-36.00
117,-60.30,-83.60,-37.00
118,-52.04,-65.28,-38.80
119,-68.91,-96.43,-41.40
120,-55.78,-78.75,-32.80
121,-58.43,-79.46,-37.40
122,-64.65,-90.71,-38.60
123,-53.82,-75.64,-32.00
124,-66.39,-93.78,-39.00
125,-54.14,-68.88,-39.40
126,-66.64,-98.88,-34.40
127,-68.12,-92.85,-43.40
128,-58.60,-75.39,-41.80
129,-62.83,-90.86,-34.80
130,-61.55,-92.11,-31.00
131,-66.64,-95.48,-37.80
132,-59.81,-85.03,-34.60
133,-63.56,-94.32,-32.80
134,-56.34,-84.48,-28.20
135,-59.85,-85.69,-34.00
136,-65.35,-99.10,-31.60
137,-65.58,-97.16,-34.00
138,-60.17,-81.54,-38.80
139,-51.35,-68.89,-33.80
140,-60.21,-78.82,-41.60
141,-66.52,-92.83,-40.20
142,-66.00,-95.00,-37.00
143,-66.46,-91.73,-41.20
144,-69.19,-98.17,-40.20
145,-53.90,-69.79,-38.00
146,-52.88,-72.35,-33.40
147,-64.11,-87.43,-40.80
148,-48.63,-60.86,-36.40
149,-61.18,-88.37,-34.00
150,-64.66,-89.12,-40.20
151,-66.96,-90.73,-43.20
152,-63.95,-84.90,-43.00
153,-64.14,-93.87,-34.40
154,-69.13,-95.25,-43.00
155,-50.94,-67.68,-34.20
156,-57.78,-75.96,-39.60
157,-59.88,-80.15,-39.60
158,-64.57,-91.55,-37.60
159,-65.06,-87.52,-42.60
160,-67.14,-95.69,-38.60
161,-57.89,-78.98,-36.80
162,-65.77,-96.54,-35.00
163,-62.22,-84.43,-40.00
164,-71.14,-97.89,-44.40
165,-65.00,-90.79,-39.20
166,-64.00,-86.61,-41.40
167,-62.40,-86.79,-38.00
168,-62.68,-89.77,-35.60
169,-69.74,-96.28,-43.20
170,-68.50,-98.60,-38.40
171,-66.67,-93.74,-39.60
172,-67.74,-94.68,-40.80
173,-65.77,-95.35,-36.20
174,-59.70,-80.21,-39.20
175,-68.53,-96.66,-40.40
176,-59.97,-83.13,-36.80
177,-53.50,-75.61,-31.40
178,-46.38,-61.75,-31.00
179,-66.78,-97.55,-36.00
180,-66.47,-97.73,-35.20
181,-63.11,-84.62,-41.60
182,-66.68,-95.96,-37.40
183,-53.56,-63.92,-43.20
184,-61.70,-82.81,-40.60
185,-61.52,-83.63,-39.40
186,-54.96,-73.32,-36.60
187,-65.42,-89.84,-41.00
188,-59.91,-80.61,-39.20
189,-64.07,-87.94,-40.20
190,-63.29,-80.98,-45.60
191,-63.42,-94.44,-32.40
192,-69.87,-97.13,-42.60
193,-61.28,-82.76,-39.80
194,-63.06,-89.33,-36.80
195,-66.83,-94.07,-39.60
196,-64.20,-88.40,-40.00
197,-64.54,-86.67,-42.40
198,-64.74,-87.88,-41.60
199,-62.44,-87.67,-37.20
200,-70.68,-96.97,-44.40
201,-65.61,-91.22,-40.00
202,-69.62,-94.45,-44.80
203,-63.13,-87.05,-39.20
204,-63.57,-84.35,-42.80
205,-64.97,-89.94,-40.00
206,-54.45,-71.90,-37.00
207,-61.82,-86.45,-37.20
208,-62.06,-82.71,-41.40
209,-66.66,-90.53,-42.80
210,-59.54,-79.89,-39.20
211,-56.69,-79.98,-33.40
212,-55.53,-70.26,-40.80
213,-54.93,-74.26,-35.60
214,-53.89,-71.78,-36.00
215,-60.40,-85.20,-35.60
216,-61.34,-88.08,-34.60
217,-61.51,-83.42,-39.60
218,-68.73,-91.47,-46.00
219,-63.26,-90.31,-36.20
220,-66.23,-94.06,-38.40
221,-55.15,-76.90,-33.40
222,-71.59,-98.78,-44.40
223,-65.59,-90.39,-40.80
224,-59.77,-80.73,-38.80
225,-67.55,-95.50,-39.60
226,-66.85,-93.31,-40.40
227,-61.34,-84.47,-38.20
228,-59.36,-76.72,-42.00
229,-62.87,-93.14,-32.60
230,-60.49,-78.38,-42.60
231,-62.51,-85.23,-39.80
232,-66.63,-87.25,-46.00
233,-65.74,-86.09,-45.40
234,-55.70,-74.40,-37.00
235,-58.78,-81.35,-36.20
236,-64.89,-90.37,-39.40
237,-64.69,-95.79,-33.60
238,-68.35,-95.10,-41.60
239,-56.49,-77.17,-35.80
240,-66.81,-98.83,-34.80
241,-61.38,-85.96,-36.80
242,-49.34,-59.68,-39.00
243,-56.84,-73.47,-40.20
244,-66.14,-91.48,-40.80
245,-60.46,-81.12,-39.80
246,-60.20,-77.61,-42.80
247,-63.34,-87.89,-38.80
248,-63.73,-89.46,-38.00
249,-55.17,-71.53,-38.80
250,-64.02,-93.85,-34.20
251,-67.34,-95.69,-39.00
252,-58.34,-78.87,-37.80
253,-63.97,-86.73,-41.20
254,-60.29,-89.59,-31.00
255,-58.05,-81.11,-35.00
256,-65.58,-94.56,-36.60
257,-68.68,-93.16,-44.20
258,-65.45,-94.10,-36.80
259,-63.36,-87.92,-38.80
260,-66.44,-95.09,-37.80
261,-57.37,-78.74,-36.00
262,-56.02,-78.04,-34.00
263,-69.55,-94.51,-44.60
264,-62.55,-80.50,-44.60
265,-61.51,-84.81,-38.20
266,-61.14,-84.48,-37.80
267,-64.88,-87.16,-42.60
268,-67.31,-97.82,-36.80
269,-66.53,-95.26,-37.80
270,-66.31,-97.43,-35.20
271,-54.76,-71.72,-37.80
272,-58.64,-79.49,-37.80
273,-53.19,-69.77,-36.60
274,-58.03,-82.46,-33.60
275,-68.62,-93.65,-43.60
276,-54.81,-71.82,-37.80
277,-63.29,-85.58,-41.00
278,-57.95,-82.30,-33.60
279,-55.39,-68.99,-41.80
280,-63.51,-85.82,-41.20
281,-56.42,-75.24,-37.60
282,-66.63,-92.45,-40.80
283,-58.87,-81.54,-36.20
284,-64.20,-87.59,-40.80
285,-65.54,-95.29,-35.80
286,-59.68,-82.15,-37.20
287,-66.65,-95.30,-38.00
288,-56.57,-73.55,-39.60
289,-65.16,-93.72,-36.60
290,-58.02,-76.05,-40.00
291,-67.36,-97.71,-37.00
292,-66.55,-91.09,-42.00
293,-64.57,-92.35,-36.80
294,-64.39,-87.98,-40.80
295,-59.33,-83.26,-35.40
296,-69.96,-98.52,-41.40
297,-65.28,-92.95,-37.60
298,-54.65,-71.31,-38.00
299,-55.33,-75.66,-35.00
300,-61.54,-87.48,-35.60
301,-64.49,-93.58,-35.40
302,-62.09,-84.19,-40.00
303,-65.48,-93.96,-37.00
304,-62.62,-89.23,-36.00
305,-58.28,-81.76,-34.80
306,-56.91,-74.81,-39.00
307,-58.56,-76.12,-41.00
308,-60.93,-85.66,-36.20
309,-56.47,-73.53,-39.40
310,-56.63,-69.67,-43.60
311,-59.01,-76.83,-41.20
312,-64.24,-92.08,-36.40
313,-65.29,-94.78,-35.80
314,-62.01,-87.02,-37.00
315,-68.78,-93.57,-44.00
316,-58.97,-80.93,-37.00
317,-67.34,-90.08,-44.60
318,-66.63,-94.45,-38.80
319,-54.70,-71.59,-37.80
320,-64.09,-87.17,-41.00
321,-69.30,-97.80,-40.80
322,-65.59,-91.37,-39.80
323,-52.87,-66.93,-38.80
324,-69.01,-98.22,-39.80
325,-53.16,-72.92,-33.40
326,-57.24,-71.49,-43.00
327,-66.09,-94.19,-38.00
328,-67.61,-93.22,-42.00
329,-52.06,-69.32,-34.80
330,-62.03,-86.85,-37.20
331,-63.66,-86.93,-40.40
332,-58.45,-84.71,-32.20
333,-51.90,-69.00,-34.80
334,-64.91,-92.81,-37.00
335,-68.55,-94.30,-42.80
336,-68.89,-96.99,-40.80
337,-63.48,-88.77,-38.20
338,-68.43,-97.06,-39.80
339,-63.23,-90.66,-35.80
340,-53.30,-72.39,-34.20
341,-66.37,-88.73,-44.00
342,-58.72,-86.23,-31.20
343,-64.47,-86.54,-42.40
344,-66.09,-97.17,-35.00
345,-71.94,-98.88,-45.00
346,-59.52,-80.24,-38.80
347,-55.32,-73.44,-37.20
348,-67.48,-98.16,-36.80
349,-63.46,-89.71,-37.20
350,-62.02,-89.24,-34.80
351,-68.28,-97.75,-38.80
352,-62.46,-91.72,-33.20
353,-54.11,-70.62,-37.60
354,-50.84,-61.48,-40.20
355,-60.50,-82.20,-38.80
356,-60.41,-83.63,-37.20
357,-62.77,-88.14,-37.40
358,-57.84,-74.69,-41.00
359,-62.20,-86.59,-37.80
360,-65.82,-98.44,-33.20
361,-50.40,-66.99,-33.80
362,-56.38,-79.57,-33.20
363,-68.03,-96.07,-40.00
364,-49.79,-61.99,-37.60
365,-59.91,-81.63,-38.20
366,-66.00,-92.40,-39.60
367,-63.30,-86.41,-40.20
368,-57.06,-80.32,-33.80
369,-69.09,-97.58,-40.60
370,-66.83,-98.46,-35.20
371,-70.36,-98.52,-42.20
372,-60.80,-81.61,-40.00
373,-64.96,-93.72,-36.20
374,-67.84,-97.29,-38.40
375,-60.96,-84.92,-37.00
376,-67.22,-96.23,-38.20
377,-67.72,-97.04,-38.40
378,-61.25,-77.31,-45.20
379,-61.99,-84.59,-39.40
380,-67.61,-95.81,-39.40
381,-69.90,-97.39,-42.40
382,-61.25,-81.50,-41.00
383,-59.37,-80.14,-38.60
384,-59.68,-82.76,-36.60
385,-59.34,-77.47,-41.20
386,-65.64,-94.09,-37.20
387,-64.14,-94.09,-34.20
388,-57.32,-78.44,-36.20
389,-71.77,-98.55,-45.00
390,-65.18,-90.77,-39.60
391,-58.19,-82.18,-34.20
392,-57.32,-75.63,-39.00
393,-56.13,-75.66,-36.60
394,-59.94,-79.09,-40.80
395,-53.81,-73.23,-34.40
396,-58.99,-82.18,-35.80
397,-69.11,-95.02,-43.20
398,-66.71,-96.02,-37.40
399,-57.34,-73.67,-41.00
400,-58.42,-79.04,-37.80
401,-66.61,-96.83,-36.40
402,-60.98,-85.16,-36.80
403,-60.32,-76.85,-43.80
404,-60.90,-82.81,-39.00
405,-60.55,-80.31,-40.80
406,-67.70,-94.00,-41.40
407,-61.03,-83.47,-38.60
408,-67.42,-96.64,-38.20
409,-66.43,-93.46,-39.40
410,-70.64,-98.68,-42.60
411,-59.24,-78.48,-40.00
412,-62.64,-84.29,-41.00
413,-48.44,-60.89,-36.00
414,-63.92,-96.04,-31.80
415,-65.90,-96.79,-35.00
416,-59.72,-85.44,-34.00
417,-64.84,-88.89,-40.80
418,-59.15,-82.91,-35.40
419,-67.64,-94.08,-41.20
420,-52.37,-66.75,-38.00
421,-55.95,-74.70,-37.20
422,-65.91,-93.23,-38.60
423,-60.98,-79.57,-42.40
424,-63.70,-88.19,-39.20
425,-60.52,-87.63,-33.40
426,-45.18,-54.76,-35.60
427,-65.74,-92.88,-38.60
428,-68.04,-90.69,-45.40
429,-69.27,-95.53,-43.00
430,-65.05,-96.91,-33.20
431,-60.09,-82.59,-37.60
432,-66.65,-92.91,-40.40
433,-67.05,-91.29,-42.80
434,-61.68,-85.56,-37.80
435,-55.90,-71.41,-40.40
436,-61.48,-86.96,-36.00
437,-65.75,-89.51,-42.00
438,-65.53,-87.85,-43.20
439,-61.96,-84.53,-39.40
440,-68.23,-94.07,-42.40
441,-67.31,-94.21,-40.40
442,-62.03,-83.67,-40.40
443,-50.36,-69.11,-31.60
444,-66.82,-98.04,-35.60
445,-67.82,-96.83,-38.80
446,-63.63,-88.06,-39.20
447,-66.37,-87.94,-44.80
448,-68.19,-98.58,-37.80
449,-60.50,-79.01,-42.00
450,-69.87,-97.74,-42.00
451,-60.35,-85.89,-34.80
452,-62.91,-88.62,-37.20
453,-67.58,-91.56,-43.60
454,-58.64,-79.89,-37.40
455,-63.54,-86.68,-40.40
456,-65.03,-91.26,-38.80
457,-51.25,-68.30,-34.20
458,-57.02,-73.04,-41.00
459,-70.97,-92.94,-49.00
460,-57.58,-75.77,-39.40
461,-64.16,-81.72,-46.60
462,-62.51,-86.83,-38.20
463,-64.76,-92.32,-37.20
464,-66.16,-93.72,-38.60
465,-57.58,-74.15,-41.00
466,-62.17,-85.74,-38.60
467,-63.74,-86.49,-41.00
468,-53.89,-73.78,-34.00
469,-67.80,-94.40,-41.20
470,-59.69,-81.78,-37.60
471,-61.13,-84.66,-37.60
472,-66.12,-96.84,-35.40
473,-56.70,-74.80,-38.60
474,-71.23,-98.86,-43.60
475,-56.55,-73.11,-40.00
476,-62.75,-86.51,-39.00
477,-61.35,-86.50,-36.20
478,-62.65,-86.31,-39.00
479,-67.88,-97.95,-37.80
480,-67.98,-97.75,-38.20
481,-67.72,-98.04,-37.40
482,-59.81,-82.81,-36.80
483,-47.48,-61.16,-33.80
484,-58.47,-79.75,-37.20
485,-60.95,-88.31,-33.60
486,-62.51,-87.63,-37.40
487,-61.85,-85.51,-38.20
488,-61.43,-87.06,-35.80
489,-62.70,-86.40,-39.00
490,-67.11,-98.82,-35.40
491,-49.17,-61.73,-36.60
492,-56.28,-74.37,-38.20
493,-66.77,-92.14,-41.40
494,-64.97,-93.14,-36.80
495,-61.95,-83.90,-40.00
496,-54.59,-73.18,-36.00
497,-63.20,-89.39,-37.00
498,-67.06,-93.51,-40.60
499,-61.39,-82.78,-40.00
500,-64.50,-85.80,-43.20
501,-71.70,-98.99,-44.40
502,-59.44,-78.87,-40.00
503,-53.65,-64.69,-42.60
504,-62.23,-82.47,-42.00
505,-68.48,-99.17,-37.80
506,-67.35,-94.51,-40.20
507,-55.89,-71.19,-40.60
508,-62.93,-87.07,-38.80
509,-62.90,-83.00,-42.80
510,-60.45,-83.10,-37.80
511,-64.18,-92.36,-36.00
512,-66.50,-89.00,-44.00
513,-62.12,-87.85,-36.40
514,-65.04,-89.27,-40.80
515,-65.76,-97.51,-34.00
516,-68.44,-94.09,-42.80
517,-66.07,-89.94,-42.20
518,-69.79,-98.38,-41.20
519,-66.12,-94.83,-37.40
520,-62.95,-90.10,-35.80
521,-62.63,-82.45,-42.80
522,-68.56,-97.52,-39.60
523,-68.09,-99.18,-37.00
524,-52.98,-67.56,-38.40
525,-69.04,-94.68,-43.40
526,-67.08,-95.56,-38.60
527,-55.45,-73.70,-37.20
528,-65.44,-95.68,-35.20
529,-63.83,-84.65,-43.00
530,-64.87,-90.75,-39.00
531,-62.56,-87.11,-38.00
532,-62.29,-81.19,-43.40
533,-59.80,-78.99,-40.60
534,-62.23,-84.65,-39.80
535,-55.02,-72.83,-37.20
536,-69.32,-97.04,-41.60
537,-69.28,-98.35,-40.20
538,-61.20,-78.59,-43.80
539,-59.57,-84.34,-34.80
540,-56.71,-75.62,-37.80
541,-57.96,-83.53,-32.40
542,-60.94,-80.09,-41.80
543,-61.94,-85.47,-38.40
544,-59.97,-80.13,-39.80
545,-63.62,-91.64,-35.60
546,-60.08,-79.57,-40.60
547,-59.94,-81.88,-38.00
548,-65.10,-93.99,-36.20
549,-61.36,-82.93,-39.80
550,-67.68,-95.17,-40.20
551,-66.54,-94.08,-39.00
552,-61.71,-86.01,-37.40
553,-68.12,-94.05,-42.20
554,-52.85,-70.71,-35.00
555,-61.74,-77.67,-45.80
556,-62.38,-90.96,-33.80
557,-68.96,-97.72,-40.20
558,-60.77,-83.93,-37.60
559,-59.51,-84.23,-34.80
560,-58.77,-73.54,-44.00
561,-62.68,-83.37,-42.00
562,-64.70,-90.20,-39.20
563,-60.75,-84.11,-37.40
564,-62.35,-90.10,-34.60
565,-65.03,-91.26,-38.80
566,-64.97,-93.74,-36.20
567,-69.10,-96.20,-42.00
568,-69.37,-92.73,-46.00
569,-62.54,-87.28,-37.80
570,-68.66,-98.73,-38.60
571,-66.56,-90.52,-42.60
572,-58.45,-77.90,-39.00
573,-66.34,-90.09,-42.60
574,-67.63,-95.65,-39.60
575,-61.34,-85.07,-37.60
576,-63.54,-89.28,-37.80
577,-64.93,-95.67,-34.20
578,-61.07,-80.55,-41.60
579,-68.17,-93.74,-42.60
580,-62.44,-87.89,-37.00
581,-60.59,-86.18,-35.00
582,-70.80,-93.60,-48.00
583,-63.76,-84.93,-42.60
584,-67.67,-97.94,-37.40
585,-60.97,-83.74,-38.20
586,-64.74,-89.08,-40.40
587,-63.35,-89.29,-37.40
588,-61.46,-91.71,-31.20
589,-66.94,-92.28,-41.60
590,-62.21,-86.02,-38.40
591,-59.93,-82.26,-37.60
592,-67.77,-93.53,-42.00
593,-60.89,-80.58,-41.20
594,-66.26,-93.11,-39.40
595,-70.26,-98.72,-41.80
596,-61.16,-81.93,-40.40
597,-56.45,-75.30,-37.60
598,-67.42,-95.24,-39.60
599,-67.94,-95.28,-40.60
600,-54.42,-71.64,-37.20
601,-62.11,-87.61,-36.60
602,-66.26,-94.33,-38.20
603,-63.38,-86.76,-40.00
604,-69.34,-97.88,-40.80
605,-68.77,-97.34,-40.20
606,-65.20,-92.39,-38.00
607,-60.40,-83.20,-37.60
608,-60.84,-82.68,-39.00
609,-65.42,-91.44,-39.40
610,-60.57,-78.94,-42.20
611,-64.97,-89.95,-40.00
612,-73.47,-99.34,-47.60
613,-56.34,-79.68,-33.00
614,-66.29,-96.37,-36.20
615,-62.00,-82.01,-42.00
616,-62.67,-86.94,-38.40
617,-64.12,-95.04,-33.20
618,-67.33,-96.05,-38.60
619,-60.12,-83.84,-36.40
620,-62.91,-84.83,-41.00
621,-64.37,-93.74,-35.00
622,-65.80,-94.00,-37.60
623,-56.91,-75.82,-38.00
624,-48.32,-62.84,-33.80
625,-64.38,-91.96,-36.80
626,-61.54,-85.67,-37.40
627,-64.63,-87.85,-41.40
628,-56.74,-74.67,-38.80
629,-67.25,-93.49,-41.00
630,-61.26,-84.72,-37.80
631,-62.02,-90.24,-33.80
632,-62.96,-89.72,-36.20
633,-66.24,-95.28,-37.20
634,-67.48,-97.17,-37.80
635,-65.28,-88.15,-42.40
636,-66.25,-93.09,-39.40
637,-61.47,-85.34,-37.60
638,-60.08,-84.37,-35.80
639,-62.70,-89.79,-35.60
640,-55.97,-70.95,-41.00
641,-51.93,-66.25,-37.60
642,-62.91,-87.61,-38.20
643,-65.98,-97.37,-34.60
644,-59.07,-78.73,-39.40
645,-53.02,-65.43,-40.60
646,-68.23,-96.65,-39.80
647,-62.51,-80.01,-45.00
648,-57.78,-79.35,-36.20
649,-57.48,-75.37,-39.60
650,-62.79,-86.39,-39.20
651,-63.99,-84.38,-43.60
652,-58.84,-75.69,-42.00
653,-64.38,-91.35,-37.40
654,-58.88,-83.56,-34.20
655,-64.82,-90.44,-39.20
656,-64.41,-91.02,-37.80
657,-65.92,-97.04,-34.80
658,-67.74,-95.49,-40.00
659,-60.07,-80.35,-39.80
660,-67.60,-90.39,-44.80
661,-57.53,-77.26,-37.80
662,-63.20,-89.01,-37.40
663,-49.57,-58.74,-40.40
664,-60.08,-79.15,-41.00
665,-61.13,-81.05,-41.20
666,-60.67,-79.33,-42.00
667,-67.71,-91.41,-44.00
668,-64.85,-91.49,-38.20
669,-65.82,-94.83,-36.80
670,-63.20,-89.60,-36.80
671,-63.07,-88.33,-37.80
672,-68.24,-98.07,-38.40
673,-64.97,-90.15,-39.80
674,-59.86,-84.71,-35.00
675,-70.57,-97.14,-44.00
676,-65.03,-95.26,-34.80
677,-60.71,-82.62,-38.80
678,-56.05,-70.89,-41.20
679,-62.56,-81.91,-43.20
680,-62.74,-88.87,-36.60
681,-62.14,-88.48,-35.80
682,-54.84,-71.47,-38.20
683,-66.87,-92.15,-41.60
684,-57.19,-74.17,-40.20
685,-59.83,-79.86,-39.80
686,-67.41,-89.62,-45.20
687,-62.03,-84.86,-39.20
688,-63.22,-91.44,-35.00
689,-64.39,-93.58,-35.20
690,-64.76,-90.91,-38.60
691,-58.33,-75.45,-41.20
692,-64.83,-87.26,-42.40
693,-62.60,-88.19,-37.00
694,-63.66,-91.13,-36.20
695,-67.77,-95.54,-40.00
696,-63.58,-87.36,-39.80
697,-60.43,-83.65,-37.20
698,-48.35,-61.11,-35.60
699,-56.82,-83.65,-30.00
700,-65.66,-89.52,-41.80
701,-62.77,-83.94,-41.60
702,-65.40,-89.79,-41.00
703,-57.00,-76.60,-37.40
704,-62.64,-81.68,-43.60
705,-59.31,-78.43,-40.20
706,-56.80,-73.79,-39.80
707,-54.74,-73.27,-36.20
708,-63.01,-90.42,-35.60
709,-58.43,-81.66,-35.20
710,-63.36,-84.72,-42.00
711,-62.05,-84.30,-39.80
712,-63.80,-87.59,-40.00
713,-57.84,-77.69,-38.00
714,-59.93,-79.46,-40.40
715,-63.41,-86.62,-40.20
716,-55.46,-74.13,-36.80
717,-63.82,-84.45,-43.20
718,-68.20,-98.40,-38.00
719,-68.54,-93.28,-43.80
720,-65.08,-93.57,-36.60
721,-62.91,-89.22,-36.60
722,-67.19,-94.79,-39.60
723,-61.90,-91.20,-32.60
724,-67.49,-98.38,-36.60
725,-72.25,-95.71,-48.80
726,-62.28,-80.16,-44.40
727,-63.15,-85.50,-40.80
728,-58.87,-79.15,-38.60
729,-51.82,-65.24,-38.40
730,-64.20,-94.39,-34.00
731,-45.18,-47.35,-43.00
732,-66.08,-94.77,-37.40
733,-69.97,-96.55,-43.40
734,-64.41,-88.02,-40.80
735,-66.09,-91.19,-41.00
736,-68.13,-97.26,-39.00
737,-64.54,-92.27,-36.80
738,-62.05,-80.90,-43.20
739,-69.14,-97.48,-40.80
740,-62.30,-84.40,-40.20
741,-62.57,-80.33,-44.80
742,-60.75,-83.50,-38.00
743,-55.96,-76.12,-35.80
744,-54.84,-70.09,-39.60
745,-64.89,-93.99,-35.80
746,-66.68,-92.37,-41.00
747,-66.43,-93.86,-39.00
748,-63.45,-83.90,-43.00
749,-60.45,-89.69,-31.20
750,-66.58,-98.76,-34.40
751,-61.22,-85.25,-37.20
752,-59.56,-80.52,-38.60
753,-68.21,-95.82,-40.60
754,-66.74,-93.68,-39.80
755,-61.89,-80.19,-43.60
756,-70.37,-98.74,-42.00
757,-51.94,-70.47,-33.40
758,-60.54,-79.08,-42.00
759,-63.98,-87.57,-40.40
760,-67.93,-96.66,-39.20
761,-58.51,-76.83,-40.20
762,-56.00,-75.79,-36.20
763,-59.66,-75.91,-43.40
764,-59.95,-82.70,-37.20
765,-69.42,-96.64,-42.20
766,-60.82,-86.03,-35.60
767,-62.12,-84.24,-40.00
768,-64.85,-92.10,-37.60
769,-60.34,-81.49,-39.20
770,-64.09,-91.97,-36.20
771,-62.49,-81.38,-43.60
772,-68.44,-96.47,-40.40
773,-60.74,-86.48,-35.00
774,-62.36,-90.53,-34.20
775,-57.55,-75.71,-39.40
776,-66.24,-93.69,-38.80
777,-61.64,-84.07,-39.20
778,-64.97,-92.53,-37.40
779,-59.19,-82.98,-35.40
780,-61.00,-82.60,-39.40
781,-64.04,-92.08,-36.00
782,-51.55,-71.11,-32.00
783,-68.40,-91.21,-45.60
784,-61.05,-80.51,-41.60
785,-57.43,-74.06,-40.80
786,-57.10,-81.00,-33.20
787,-48.15,-57.50,-38.80
788,-68.47,-96.94,-40.00
789,-59.47,-77.75,-41.20
790,-63.94,-89.89,-38.00
791,-62.49,-78.78,-46.20
792,-63.96,-89.92,-38.00
793,-59.82,-92.24,-27.40
794,-56.07,-73.95,-38.20
795,-67.74,-93.88,-41.60
796,-67.95,-94.09,-41.80
797,-66.39,-92.77,-40.00
798,-62.58,-85.97,-39.20
799,-55.63,-74.27,-37.00
800,-59.02,-79.24,-38.80
801,-55.49,-76.98,-34.00
802,-57.20,-79.80,-34.60
803,-55.29,-78.79,-31.80
804,-64.24,-90.29,-38.20
805,-61.88,-82.36,-41.40
806,-67.22,-97.05,-37.40
807,-63.59,-90.99,-36.20
808,-66.70,-98.21,-35.20
809,-61.58,-84.77,-38.40
810,-57.18,-77.36,-37.00
811,-65.11,-98.01,-32.20
812,-64.79,-91.39,-38.20
813,-65.76,-93.51,-38.00
814,-63.36,-87.13,-39.60
815,-59.47,-76.95,-42.00
816,-66.39,-90.19,-42.60
817,-55.64,-68.27,-43.00
818,-67.24,-92.08,-42.40
819,-66.36,-97.12,-35.60
820,-46.46,-55.92,-37.00
821,-66.15,-89.89,-42.40
822,-63.29,-94.18,-32.40
823,-61.51,-83.02,-40.00
824,-67.92,-96.44,-39.40
825,-56.36,-77.51,-35.20
826,-61.38,-81.15,-41.60
827,-54.42,-73.04,-35.80
828,-65.26,-94.12,-36.40
829,-56.60,-75.39,-37.80
830,-66.10,-95.81,-36.40
831,-56.14,-70.27,-42.00
832,-66.70,-91.60,-41.80
833,-66.62,-94.43,-38.80
834,-59.34,-82.08,-36.60
835,-68.46,-95.52,-41.40
836,-63.32,-89.64,-37.00
837,-67.59,-97.58,-37.60
838,-59.72,-82.84,-36.60
839,-51.79,-64.77,-38.80
840,-71.19,-98.58,-43.80
841,-65.07,-88.13,-42.00
842,-67.74,-98.27,-37.20
843,-56.73,-77.46,-36.00
844,-53.54,-75.28,-31.80
845,-57.88,-74.57,-41.20
846,-63.67,-89.33,-38.00
847,-57.24,-73.89,-40.60
848,-65.06,-92.53,-37.60
849,-66.60,-96.99,-36.20
850,-65.75,-92.70,-38.80
851,-56.50,-74.39,-38.60
852,-62.53,-87.07,-38.00
853,-70.62,-97.24,-44.00
854,-57.26,-76.72,-37.80
855,-64.90,-91.79,-38.00
856,-68.39,-98.58,-38.20
857,-62.58,-86.97,-38.20
858,-55.82,-72.44,-39.20
859,-68.57,-96.95,-40.20
860,-69.27,-97.54,-41.00
861,-66.64,-92.47,-40.80
862,-57.88,-75.95,-39.80
863,-66.45,-98.70,-34.20
864,-67.71,-95.62,-39.80
865,-56.07,-75.14,-37.00
866,-66.12,-92.64,-39.60
867,-60.59,-84.18,-37.00
868,-56.14,-75.68,-36.60
869,-60.79,-88.57,-33.00
870,-55.47,-73.55,-37.40
871,-68.63,-95.07,-42.20
872,-55.80,-74.00,-37.60
873,-58.57,-71.53,-45.60
874,-63.67,-94.74,-32.60
875,-68.63,-92.87,-44.40
876,-63.02,-89.63,-36.40
877,-67.61,-98.22,-37.00
878,-59.17,-80.14,-38.20
879,-68.26,-98.71,-37.80
880,-54.30,-69.99,-38.60
881,-63.81,-87.62,-40.00
882,-58.69,-79.18,-38.20
883,-52.74,-75.07,-30.40
884,-54.65,-68.50,-40.80
885,-63.14,-89.69,-36.60
886,-67.98,-95.96,-40.00
887,-66.47,-96.55,-36.40
888,-60.79,-77.79,-43.80
889,-65.96,-91.91,-40.00
890,-66.10,-87.60,-44.60
891,-58.97,-78.94,-39.00
892,-66.11,-93.23,-39.00
893,-59.74,-81.69,-37.80
894,-62.08,-85.16,-39.00
895,-69.98,-97.97,-42.00
896,-66.68,-97.96,-35.40
897,-64.18,-87.37,-41.00
898,-57.48,-76.35,-38.60
899,-63.82,-82.64,-45.00
900,-68.60,-97.40,-39.80
901,-67.03,-98.05,-36.00
902,-67.65,-97.29,-38.00
903,-56.89,-77.99,-35.80
904,-70.91,-97.02,-44.80
905,-55.97,-72.13,-39.80
906,-57.92,-79.04,-36.80
907,-54.58,-70.95,-38.20
908,-57.46,-74.32,-40.60
909,-61.06,-83.11,-39.00
910,-66.20,-94.01,-38.40
911,-67.54,-94.68,-40.40
912,-67.09,-94.59,-39.60
913,-44.99,-59.58,-30.40
914,-66.15,-94.50,-37.80
915,-59.68,-81.76,-37.60
916,-64.37,-87.35,-41.40
917,-63.39,-90.59,-36.20
918,-61.74,-80.09,-43.40
919,-56.49,-78.78,-34.20
920,-65.15,-89.90,-40.40
921,-60.99,-83.58,-38.40
922,-61.97,-85.74,-38.20
923,-65.57,-92.34,-38.80
924,-64.55,-91.31,-37.80
925,-62.77,-90.74,-34.80
926,-58.84,-77.48,-40.20
927,-67.95,-94.09,-41.80
928,-49.26,-67.13,-31.40
929,-61.81,-89.21,-34.40
930,-60.30,-83.60,-37.00
931,-65.95,-92.30,-39.60
932,-68.28,-97.56,-39.00
933,-67.88,-93.75,-42.00
934,-59.92,-82.24,-37.60
935,-64.10,-85.00,-43.20
936,-73.12,-98.43,-47.80
937,-57.01,-75.42,-38.60
938,-65.96,-92.73,-39.20
939,-59.74,-78.49,-41.00
940,-65.99,-90.79,-41.20
941,-61.92,-91.25,-32.60
942,-61.89,-87.58,-36.20
943,-67.37,-95.75,-39.00
944,-62.19,-83.79,-40.60
945,-70.66,-97.12,-44.20
946,-60.10,-83.61,-36.60
947,-59.86,-80.31,-39.40
948,-63.71,-92.23,-35.20
949,-65.68,-93.37,-38.00
950,-59.50,-80.60,-38.40
951,-64.25,-89.89,-38.60
952,-50.08,-62.77,-37.40
953,-57.49,-77.97,-37.00
954,-67.31,-98.21,-36.40
955,-54.29,-72.18,-36.40
956,-62.46,-88.72,-36.20
957,-64.37,-89.35,-39.40
958,-55.55,-77.30,-33.80
959,-66.87,-95.73,-38.00
960,-59.02,-82.23,-35.80
961,-65.11,-94.42,-35.80
962,-66.00,-94.80,-37.20
963,-70.90,-98.20,-43.60
964,-60.64,-75.27,-46.00
965,-66.16,-96.91,-35.40
966,-58.99,-77.58,-40.40
967,-63.08,-88.96,-37.20
968,-65.07,-87.73,-42.40
969,-63.22,-88.04,-38.40
970,-53.60,-68.21,-39.00
971,-62.78,-91.56,-34.00
972,-61.35,-81.11,-41.60
973,-54.20,-71.60,-36.80
974,-65.41,-85.22,-45.60
975,-67.96,-96.32,-39.60
976,-60.73,-83.46,-38.00
977,-59.73,-85.46,-34.00
978,-68.83,-98.85,-38.80
979,-65.73,-97.87,-33.60
980,-65.90,-95.39,-36.40
981,-69.39,-96.58,-42.20
982,-63.36,-83.12,-43.60
983,-67.38,-98.36,-36.40
984,-63.43,-83.07,-43.80
985,-66.39,-92.98,-39.80
986,-65.24,-96.47,-34.00
987,-55.36,-74.72,-36.00
988,-67.75,-94.49,-41.00
989,-63.39,-83.58,-43.20
990,-63.41,-91.42,-35.40
991,-66.22,-95.83,-36.60
992,-55.59,-74.17,-37.00
993,-67.49,-98.98,-36.00
994,-67.60,-95.60,-39.60
995,-65.55,-89.69,-41.40
996,-64.96,-93.32,-36.60
997,-59.55,-81.89,-37.20
998,-58.40,-76.99,-39.80
999,-68.65,-98.70,-38.60
1000,-66.62,-92.24,-41.00
