episode, reward, reward_tard, reward_setup, SSPT, ATCS, MDD, COVERT,Average tardy jobs
1,-84.07,-98.53,-69.6,22,30,28,20,4.19
2,-83.37,-98.74,-68,25,27,24,24,3.89
3,-80.23,-89.46,-71,22,23,35,20,2.89
4,-75.58,-77.96,-73.2,17,33,29,21,1.58
5,-84.29,-98.99,-69.6,23,24,24,29,6.07
6,-83.72,-99.64,-67.8,25,35,20,20,4.49
7,-84.4,-93.8,-75,25,23,16,36,1.39
8,-81.2,-99.21,-63.2,27,30,22,21,6.6
9,-86.43,-98.66,-74.2,34,23,22,21,3.92
10,-79.34,-94.48,-64.2,26,23,33,18,9.16
11,-82.5,-95.8,-69.2,33,18,31,18,8.8
12,-82.55,-99.9,-65.2,27,19,32,22,11.84
13,-82.06,-97.93,-66.2,31,21,31,17,15.17
14,-83.16,-97.31,-69,30,24,26,20,4.03
15,-82.53,-96.45,-68.6,30,23,30,17,5
16,-81.75,-96.89,-66.6,25,26,25,24,3.94
17,-79.66,-94.13,-65.2,26,26,24,24,8.25
18,-82.97,-99.14,-66.8,34,23,24,19,10.05
19,-80.47,-94.74,-66.2,31,20,32,17,9.03
20,-76.91,-93.81,-60,33,27,24,16,7.52
21,-83.99,-97.39,-70.6,33,19,22,26,5.2
22,-80.74,-99.89,-61.6,27,21,23,29,11.41
23,-76.07,-83.75,-68.4,27,27,32,14,8.56
24,-82.99,-96.77,-69.2,30,14,33,23,7.1
25,-77.23,-91.46,-63,34,22,25,19,8.89
26,-82.08,-98.75,-65.4,29,24,25,22,3.24
27,-86.19,-97.17,-75.2,17,22,33,28,4.26
28,-79.16,-86.52,-71.8,22,21,32,25,2.27
29,-84.89,-99.58,-70.2,24,24,30,22,2.09
30,-78.09,-89.38,-66.8,32,25,21,22,7.11
31,-86.18,-99.95,-72.4,29,22,28,21,5.82
32,-81.5,-93.59,-69.4,24,21,28,27,8.3
33,-81.26,-89.91,-72.6,26,18,31,25,4.69
34,-81.08,-97.75,-64.4,27,26,25,22,1.22
35,-81.26,-99.13,-63.4,27,25,38,10,8.34
36,-83.09,-97.78,-68.4,29,25,21,25,4.49
37,-83.98,-94.96,-73,24,16,36,24,6.14
38,-80.1,-86.59,-73.6,33,25,31,11,4.93
39,-84.59,-98.78,-70.4,22,26,28,24,5.94
40,-82.29,-97.99,-66.6,20,27,37,16,5.02
41,-78.3,-93.99,-62.6,30,29,28,13,9.41
42,-83.55,-99.1,-68,27,28,25,20,6.19
43,-84.26,-98.92,-69.6,23,27,32,18,5.57
44,-84.52,-97.04,-72,27,19,32,22,5.15
45,-80.67,-89.93,-71.4,24,29,29,18,0.82
46,-78.21,-94.23,-62.2,34,30,22,14,6.59
47,-85.87,-98.14,-73.6,22,20,48,10,6.75
48,-76.94,-84.07,-69.8,28,22,30,20,0.9
49,-79.44,-90.87,-68,26,24,36,14,7.81
50,-79.43,-90.65,-68.2,23,23,33,21,5.59
51,-82.93,-96.27,-69.6,30,24,30,16,6.09
52,-78.43,-90.86,-66,25,23,35,17,4.94
53,-82.95,-97.5,-68.4,22,26,34,18,6.53
54,-82.75,-98.89,-66.6,18,28,39,15,8.78
55,-87.59,-99.37,-75.8,22,26,33,19,1.28
56,-82.23,-97.46,-67,21,25,32,22,4.06
57,-83.53,-99.25,-67.8,15,26,50,9,11.79
58,-84.36,-99.92,-68.8,20,26,35,19,7.9
59,-82.72,-97.23,-68.2,17,26,37,20,7.27
60,-82.53,-99.26,-65.8,26,28,31,15,6.67
61,-81.29,-96.59,-66,26,21,31,22,5.25
62,-82.82,-97.44,-68.2,17,30,36,17,8.02
63,-84.77,-99.54,-70,25,22,37,16,7.93
64,-84.82,-99.85,-69.8,20,33,27,20,2.36
65,-81.82,-98.63,-65,15,32,38,15,13
66,-84.13,-98.86,-69.4,21,24,37,18,3.05
67,-81.55,-97.9,-65.2,29,34,23,14,6.23
68,-84.04,-98.07,-70,16,32,37,15,7.61
69,-81.33,-91.25,-71.4,18,26,47,9,10.43
70,-85.33,-97.06,-73.6,17,23,45,15,8.29
71,-79.93,-91.26,-68.6,19,28,43,10,7.77
72,-85,-98.81,-71.2,14,22,49,15,7.8
73,-85.07,-96.95,-73.2,23,22,35,20,3.5
74,-85.78,-99.76,-71.8,16,24,45,15,7.88
75,-84.19,-99.38,-69,29,25,37,9,5.08
76,-84.68,-98.96,-70.4,14,16,57,13,12.14
77,-78.39,-84.57,-72.2,21,22,37,20,1.88
78,-78.93,-89.66,-68.2,17,20,55,8,9.77
79,-82.65,-98.51,-66.8,16,21,42,21,7.35
80,-80.78,-87.75,-73.8,15,22,44,19,3.77
81,-84.91,-96.42,-73.4,20,27,36,17,3.34
82,-87.93,-99.86,-76,11,18,56,15,11.2
83,-80.52,-91.44,-69.6,13,22,50,15,9.91
84,-84.64,-99.67,-69.6,14,32,34,20,6.89
85,-84.4,-96.19,-72.6,14,26,50,10,4.03
86,-80.7,-94,-67.4,19,17,49,15,11.15
87,-81.84,-95.67,-68,11,22,44,23,6.18
88,-79.91,-86.62,-73.2,20,20,35,25,1.85
89,-80.19,-94.97,-65.4,12,30,42,16,11.73
90,-85.84,-98.29,-73.4,15,24,38,23,5.4
91,-86.73,-99.06,-74.4,15,16,47,22,9.94
92,-83.98,-98.16,-69.8,19,19,43,19,8.38
93,-84.31,-96.61,-72,10,26,53,11,11.71
94,-84.29,-99.79,-68.8,18,26,41,15,9.45
95,-79.99,-90.59,-69.4,24,18,40,18,2.28
96,-86.1,-94.41,-77.8,23,21,39,17,3.84
97,-83.83,-99.65,-68,22,16,50,12,8.74
98,-86.53,-99.45,-73.6,17,20,48,15,7.94
99,-83.14,-96.28,-70,15,21,48,16,3.93
100,-86.49,-99.19,-73.8,17,21,47,15,4.5
101,-82.46,-91.51,-73.4,25,15,47,13,4.37
102,-85.38,-98.56,-72.2,13,13,65,9,9.28
103,-86.06,-99.92,-72.2,15,24,48,13,3.14
104,-86.39,-98.59,-74.2,21,16,47,16,5.24
105,-84.57,-99.75,-69.4,19,17,54,10,8.05
106,-83.46,-93.13,-73.8,21,20,36,23,0.43
107,-83.55,-98.1,-69,21,17,43,19,4.07
108,-84.61,-96.02,-73.2,20,18,38,24,1.92
109,-88.17,-99.33,-77,10,6,70,14,9.92
110,-85.7,-96,-75.4,7,12,59,22,5.08
111,-86.81,-99.62,-74,4,17,65,14,6.65
112,-87.6,-99.79,-75.4,0,8,86,6,14.25
113,-88.43,-97.06,-79.8,7,11,74,8,6.95
114,-86.05,-98.89,-73.2,11,12,65,12,8.26
115,-88.43,-99.65,-77.2,3,8,81,8,9.04
116,-88.28,-98.57,-78,5,11,72,12,11.36
117,-86.15,-97.3,-75,8,12,70,10,7.46
118,-82.5,-92.81,-72.2,7,8,77,8,6.98
119,-86.55,-95.51,-77.6,9,7,69,15,5.31
120,-80.17,-88.94,-71.4,15,11,53,21,4.93
121,-85.68,-96.37,-75,11,7,72,10,6.77
122,-87.94,-98.08,-77.8,10,14,62,14,3.81
123,-85.99,-93.97,-78,8,9,75,8,7.45
124,-86.87,-99.35,-74.4,7,11,69,13,4.58
125,-85.31,-91.61,-79,2,5,90,3,9.67
126,-85.98,-99.36,-72.6,11,12,69,8,8.22
127,-88,-98.01,-78,6,8,73,13,4.34
128,-85.08,-95.96,-74.2,9,9,73,9,4.96
129,-81.9,-88.4,-75.4,13,16,52,19,1.37
130,-85.54,-94.67,-76.4,1,5,89,5,12.02
131,-78.68,-82.17,-75.2,14,16,58,12,2.42
132,-87.68,-94.97,-80.4,4,4,85,7,9.11
133,-86.79,-97.77,-75.8,4,5,88,3,9.37
134,-88.78,-97.17,-80.4,6,10,80,4,7.92
135,-86.71,-98.22,-75.2,4,6,81,9,5
136,-88.4,-98.39,-78.4,4,12,73,11,5.61
137,-89.09,-99.57,-78.6,5,6,81,8,3.78
138,-84.33,-95.45,-73.2,5,7,77,11,6.27
139,-86.54,-96.49,-76.6,9,5,80,6,7.46
140,-86.2,-97.01,-75.4,5,6,83,6,9.79
141,-86.83,-97.46,-76.2,7,10,78,5,6.17
142,-89.94,-99.67,-80.2,3,5,89,3,6.68
143,-88.67,-99.34,-78,1,2,93,4,11.84
144,-86.36,-99.11,-73.6,7,9,76,8,5.84
145,-85.92,-91.24,-80.6,1,2,95,2,12.07
146,-88.43,-94.85,-82,4,9,83,4,6.6
147,-86.74,-91.48,-82,11,8,72,9,3.86
148,-79.85,-84.09,-75.6,6,8,80,6,4.82
149,-88.75,-99.31,-78.2,5,6,86,3,7.56
150,-89.38,-99.77,-79,0,4,92,4,7.5
151,-77.4,-78.4,-76.4,8,11,71,10,1.86
152,-87.85,-97.7,-78,8,8,82,2,3.95
153,-85.11,-93.81,-76.4,2,2,93,3,11.03
154,-86.24,-95.88,-76.6,5,8,81,6,8.05
155,-91.81,-99.41,-84.2,4,6,89,1,7.89
156,-88.69,-97.58,-79.8,7,4,87,2,7.29
157,-87.25,-99.1,-75.4,0,4,94,2,7.19
158,-88.68,-97.35,-80,4,8,87,1,8.84
159,-87.41,-99.63,-75.2,5,6,85,4,7.11
160,-88.31,-96.42,-80.2,2,3,93,2,12.99
161,-78.26,-84.72,-71.8,0,4,91,5,6.49
162,-84.34,-98.09,-70.6,5,7,84,4,4.88
163,-86.59,-96.79,-76.4,7,5,88,0,3.67
164,-90.8,-99.2,-82.4,8,3,85,4,5.02
165,-82.46,-83.31,-81.6,20,14,59,7,0.4
166,-81.94,-87.69,-76.2,2,1,93,4,7.91
167,-83.92,-90.65,-77.2,6,6,83,5,4.4
168,-86.62,-95.04,-78.2,12,15,68,5,1.25
169,-91.31,-99.01,-83.6,1,0,94,5,6.95
170,-80.71,-88.82,-72.6,10,14,70,6,1.69
171,-88.71,-99.83,-77.6,2,2,95,1,11.04
172,-88.92,-96.63,-81.2,3,0,95,2,8.98
173,-75.79,-73.39,-78.2,5,5,84,6,3.21
174,-87.55,-99.9,-75.2,3,3,94,0,11.02
175,-82.59,-86.17,-79,10,10,77,3,4.54
176,-87.5,-99.2,-75.8,2,1,95,2,6.31
177,-88.49,-97.78,-79.2,8,2,87,3,8.08
178,-87.49,-99.77,-75.2,3,1,91,5,5.25
179,-88.5,-97.61,-79.4,3,2,93,2,8.48
180,-89.97,-99.93,-80,1,0,97,2,7.76
181,-88.19,-98.57,-77.8,2,2,93,3,8.51
182,-83.9,-90.99,-76.8,3,2,93,2,6.9
183,-85.38,-89.96,-80.8,3,5,89,3,3.15
184,-87.77,-99.14,-76.4,6,6,84,4,4.34
185,-87.81,-99.82,-75.8,1,6,87,6,7.33
186,-92.37,-99.94,-84.8,4,1,94,1,11.55
187,-85.13,-96.85,-73.4,3,3,92,2,5.93
188,-87.47,-91.94,-83,3,1,94,2,7.6
189,-84.98,-95.56,-74.4,0,0,99,1,10.16
190,-88.45,-99.7,-77.2,5,8,84,3,7.73
191,-88.3,-99.81,-76.8,1,7,92,0,7.46
192,-87.33,-95.86,-78.8,5,4,90,1,7.99
193,-83.96,-87.12,-80.8,1,4,92,3,7.67
194,-92.34,-94.48,-90.2,4,3,90,3,8.12
195,-89.26,-96.93,-81.6,3,0,96,1,10.78
196,-80.02,-83.85,-76.2,3,6,83,8,3.73
197,-86.07,-89.54,-82.6,2,1,95,2,13.09
198,-84.72,-90.43,-79,3,2,94,1,10.15
199,-82.27,-86.95,-77.6,2,5,87,6,4.73
200,-86.89,-95.98,-77.8,2,11,83,4,6.34
201,-83.49,-91.37,-75.6,4,8,84,4,7.9
202,-83.39,-92.58,-74.2,2,5,91,2,10.64
203,-84.48,-93.76,-75.2,1,4,90,5,6.92
204,-82.28,-86.97,-77.6,3,3,89,5,8.79
205,-81.14,-86.29,-76,1,6,92,1,7.66
206,-83.93,-98.06,-69.8,3,11,82,4,5.61
207,-86.94,-96.09,-77.8,1,11,81,7,8.31
208,-85.04,-91.69,-78.4,3,5,83,9,9.08
209,-87.05,-96.7,-77.4,1,8,88,3,7.4
210,-88.38,-98.16,-78.6,6,15,67,12,2.42
211,-87.12,-99.85,-74.4,0,5,91,4,13.75
212,-88.1,-99.4,-76.8,2,8,85,5,8.7
213,-83.05,-89.5,-76.6,10,18,58,14,2.11
214,-89.66,-99.33,-80,4,10,82,4,4.62
215,-88.36,-97.52,-79.2,5,11,70,14,4.68
216,-86.22,-92.43,-80,1,11,78,10,4.44
217,-87.31,-98.01,-76.6,2,10,79,9,7.56
218,-87.1,-93.19,-81,2,8,81,9,12.08
219,-86.56,-99.73,-73.4,4,8,79,9,6.79
220,-86.97,-99.93,-74,6,18,63,13,3.18
221,-88.41,-99.02,-77.8,1,10,86,3,11.99
222,-84.54,-96.68,-72.4,1,10,84,5,7.55
223,-86.79,-95.78,-77.8,14,16,49,21,1.07
224,-83.73,-88.86,-78.6,3,10,79,8,8.03
225,-85.24,-91.68,-78.8,3,7,80,10,9.82
226,-88.23,-98.46,-78,1,16,73,10,6.01
227,-85.66,-97.71,-73.6,3,15,62,20,4.38
228,-86.97,-96.34,-77.6,8,8,71,13,6.4
229,-89.59,-98.58,-80.6,6,9,64,21,7.4
230,-84.61,-94.83,-74.4,4,18,60,18,4.83
231,-84.28,-92.16,-76.4,7,12,72,9,4.99
232,-85.79,-91.37,-80.2,6,13,67,14,4.09
233,-88.89,-96.98,-80.8,3,10,75,12,6.56
234,-89.51,-97.43,-81.6,2,5,90,3,12.42
235,-89.57,-99.94,-79.2,2,10,84,4,10.14
236,-88.31,-98.42,-78.2,4,14,71,11,7.75
237,-86.1,-99,-73.2,4,15,76,5,7.22
238,-88.33,-99.46,-77.2,3,15,69,13,4.51
239,-84.88,-99.36,-70.4,3,12,77,8,10.26
240,-83.73,-95.26,-72.2,3,15,68,14,5.88
241,-88.28,-99.96,-76.6,3,9,78,10,11.07
242,-78.39,-85.58,-71.2,8,15,61,16,5.31
243,-82.21,-89.63,-74.8,6,13,71,10,8.23
244,-87.87,-98.34,-77.4,9,14,67,10,6.55
245,-85.97,-97.13,-74.8,3,14,73,10,5.88
246,-85.3,-96.61,-74,7,13,71,9,5.74
247,-83.61,-96.22,-71,5,15,71,9,10.08
248,-85.59,-97.78,-73.4,9,16,68,7,6.38
249,-85.94,-95.28,-76.6,6,13,80,1,8.86
250,-89.01,-97.42,-80.6,10,9,77,4,4.46
251,-88.83,-99.66,-78,6,13,78,3,5.4
252,-86.69,-98.99,-74.4,8,18,62,12,2.57
253,-81.22,-90.25,-72.2,4,10,81,5,8.31
254,-81.24,-93.09,-69.4,6,20,60,14,4.41
255,-82.07,-89.35,-74.8,6,20,66,8,6.96
256,-88.82,-99.64,-78,2,15,76,7,6.69
257,-82.36,-94.32,-70.4,3,16,76,5,8.75
258,-88.85,-99.71,-78,6,11,79,4,14.29
259,-82.97,-99.33,-66.6,18,23,52,7,3.26
260,-78.94,-87.68,-70.2,11,35,43,11,0.84
261,-78.6,-84.6,-72.6,5,30,61,4,10.45
262,-79.59,-97.37,-61.8,9,39,45,7,6.1
263,-75.82,-87.85,-63.8,10,37,43,10,7.6
264,-81.79,-99.18,-64.4,6,44,38,12,7.19
265,-83.29,-97.57,-69,8,41,41,10,7.85
266,-79.61,-93.82,-65.4,7,57,27,9,3.59
267,-82.4,-99.8,-65,6,60,26,8,6.34
268,-76.54,-92.28,-60.8,13,59,18,10,3.4
269,-73.15,-79.29,-67,10,62,15,13,0.74
270,-75.01,-96.41,-53.6,1,84,10,5,6.65
271,-76.01,-96.82,-55.2,10,72,11,7,9.71
272,-68.58,-84.77,-52.4,4,74,16,6,7.8
273,-73.54,-98.89,-48.2,5,80,12,3,11.48
274,-76.22,-97.65,-54.8,2,79,11,8,9.2
275,-73.77,-91.74,-55.8,0,85,12,3,8.56
276,-74.66,-98.92,-50.4,5,79,12,4,10.14
277,-74.96,-96.33,-53.6,1,83,13,3,11.9
278,-76.81,-97.82,-55.8,9,72,11,8,4.53
279,-70.34,-84.89,-55.8,8,76,8,8,5.02
280,-73.69,-95.57,-51.8,1,92,6,1,7.87
281,-79.89,-96.59,-63.2,6,71,12,11,2.56
282,-78.51,-94.62,-62.4,6,61,16,17,2.75
283,-81.19,-99.58,-62.8,4,71,13,12,3.15
284,-69.41,-88.62,-50.2,2,85,8,5,10.97
285,-80.07,-93.34,-66.8,11,59,12,18,0.53
286,-77.3,-99.79,-54.8,7,69,7,17,4.94
287,-76.74,-92.28,-61.2,3,71,16,10,2.94
288,-74.65,-93.71,-55.6,5,78,6,11,7.71
289,-76.24,-91.27,-61.2,5,76,5,14,3.21
290,-74.25,-98.51,-50,2,87,8,3,5.87
291,-76.49,-94.78,-58.2,6,82,4,8,3.99
292,-76.13,-96.26,-56,0,91,4,5,9.79
293,-74.2,-90.4,-58,9,73,7,11,2.1
294,-81.27,-99.54,-63,12,69,12,7,2.34
295,-72.7,-87.01,-58.4,2,81,7,10,2.78
296,-72.1,-92.2,-52,0,90,6,4,6.78
297,-76.97,-96.75,-57.2,4,89,2,5,4.05
298,-75.07,-99.94,-50.2,1,89,4,6,9.64
299,-70.19,-89.58,-50.8,2,97,1,0,8.64
300,-73.49,-95.38,-51.6,2,85,8,5,9.36
301,-73.21,-81.23,-65.2,9,69,4,18,1.04
302,-78.72,-99.43,-58,4,77,7,12,4.52
303,-72.09,-91.19,-53,1,88,2,9,5.73
304,-74.76,-96.92,-52.6,5,89,3,3,6.71
305,-80.45,-96.71,-64.2,8,76,8,8,3.2
306,-72.41,-92.22,-52.6,3,87,6,4,7.89
307,-82.63,-97.25,-68,7,66,9,18,0.51
308,-71.49,-91.79,-51.2,1,91,2,6,8.71
309,-76.26,-99.72,-52.8,1,88,6,5,6.56
310,-76.25,-99.5,-53,3,91,1,5,6.58
311,-75.39,-98.57,-52.2,4,82,8,6,6.87
312,-74.64,-97.08,-52.2,2,92,4,2,10.06
313,-74.87,-99.55,-50.2,2,93,1,4,7.87
314,-75.24,-99.47,-51,1,91,2,6,7.07
315,-74.19,-91.18,-57.2,2,90,2,6,5.68
316,-78.24,-98.49,-58,0,94,2,4,5.53
317,-76.49,-91.59,-61.4,5,81,5,9,3
318,-75.91,-99.42,-52.4,2,88,5,5,5.64
319,-76.78,-97.97,-55.6,3,90,2,5,8.92
320,-76.49,-96.58,-56.4,2,82,4,12,5.13
321,-74.28,-95.95,-52.6,1,91,3,5,7.14
322,-70.94,-92.07,-49.8,3,94,0,3,9.07
323,-74.08,-96.95,-51.2,0,91,4,5,11.49
324,-72.64,-89.48,-55.8,4,82,5,9,3.23
325,-76.43,-99.07,-53.8,3,88,6,3,6.09
326,-78.22,-99.64,-56.8,1,85,6,8,4.29
327,-72.62,-91.44,-53.8,1,90,3,6,5.24
328,-73.26,-96.53,-50,1,93,2,4,12.33
329,-77.55,-98.1,-57,7,83,6,4,2.92
330,-77.26,-99.92,-54.6,7,86,2,5,6.67
331,-73.39,-88.58,-58.2,10,81,1,8,2.8
332,-73.98,-84.57,-63.4,9,72,4,15,2.46
333,-75.82,-99.43,-52.2,1,90,3,6,9.3
334,-74.1,-93.59,-54.6,3,86,3,8,5.58
335,-73.99,-94.97,-53,3,78,8,11,3.72
336,-77.91,-98.61,-57.2,7,71,4,18,4.31
337,-74.81,-98.22,-51.4,1,88,8,3,13.9
338,-72.21,-93.83,-50.6,3,89,1,7,10.51
339,-76.21,-95.43,-57,9,82,0,9,6.99
340,-74.1,-95.2,-53,4,90,0,6,5.98
341,-71.87,-89.94,-53.8,1,87,4,8,6.51
342,-73.14,-96.28,-50,5,87,1,7,5.96
343,-82.8,-98.8,-66.8,1,65,6,28,1.77
344,-74.58,-93.36,-55.8,2,87,2,9,5.58
345,-70.95,-86.5,-55.4,3,77,6,14,2.95
346,-72.47,-85.54,-59.4,9,72,7,12,2.6
347,-75.39,-97.38,-53.4,4,80,3,13,9.53
348,-72.73,-94.26,-51.2,2,84,3,11,8.22
349,-74.43,-94.85,-54,2,92,0,6,9.47
350,-75.87,-96.75,-55,5,81,7,7,3.41
351,-73.67,-96.74,-50.6,1,92,2,5,8.83
352,-74.91,-99.82,-50,3,86,4,7,7.96
353,-74.13,-86.05,-62.2,2,82,4,12,3.41
354,-78.61,-98.63,-58.6,2,83,6,9,4.37
355,-78.02,-99.84,-56.2,3,85,5,7,2.67
356,-75.87,-97.53,-54.2,2,89,3,6,6.03
357,-79.42,-99.83,-59,0,94,2,4,3.33
358,-78.96,-96.52,-61.4,4,82,4,10,2.52
359,-76.25,-99.9,-52.6,2,89,2,7,7.99
360,-74.85,-98.29,-51.4,5,89,1,5,6.34
361,-75.71,-99.81,-51.6,0,94,1,5,7.1
362,-73.28,-93.57,-53,4,86,4,6,6.12
363,-75.54,-92.87,-58.2,2,78,7,13,3.83
364,-74.49,-98.97,-50,1,95,1,3,7.31
365,-73.21,-96.03,-50.4,1,95,1,3,8.94
366,-78.25,-99.69,-56.8,2,92,3,3,6.45
367,-73.18,-98.75,-47.6,1,93,0,6,8.32
368,-76.1,-97.8,-54.4,3,90,2,5,8.36
369,-72.39,-89.18,-55.6,2,86,2,10,5.39
370,-75.29,-88.39,-62.2,2,84,2,12,2.37
371,-73.64,-96.88,-50.4,1,93,1,5,9.21
372,-75.7,-96.99,-54.4,1,87,0,12,6.6
373,-76.73,-98.27,-55.2,3,85,1,11,6.67
374,-74.85,-99.91,-49.8,1,94,0,5,9.96
375,-72.75,-90.7,-54.8,2,91,3,4,4.19
376,-73.95,-98.9,-49,1,90,1,8,6.62
377,-74.21,-95.61,-52.8,1,92,2,5,10.38
378,-74.21,-96.03,-52.4,1,89,0,10,5.72
379,-79.57,-98.34,-60.8,1,83,3,13,1.73
380,-75.13,-98.27,-52,1,92,1,6,8.66
381,-72.9,-96.61,-49.2,2,89,3,6,8.18
382,-82.89,-99.78,-66,2,85,1,12,2.6
383,-75.89,-97.98,-53.8,2,91,0,7,7.85
384,-75.48,-99.97,-51,1,96,1,2,8.2
385,-79.49,-99.58,-59.4,8,80,3,9,2.47
386,-77.89,-99.17,-56.6,1,87,4,8,5.41
387,-71.92,-91.63,-52.2,4,89,3,4,5.64
388,-73.67,-88.73,-58.6,2,86,2,10,4.36
389,-74.53,-92.05,-57,5,80,3,12,3.98
390,-72.94,-99.87,-46,1,95,1,3,11.34
391,-74.34,-99.47,-49.2,0,96,1,3,11.62
392,-75.31,-93.42,-57.2,1,90,4,5,4.66
393,-73.54,-98.09,-49,2,92,0,6,7.37
394,-77.38,-93.96,-60.8,2,84,7,7,2.78
395,-75.97,-92.75,-59.2,2,85,0,13,4.03
396,-71.82,-90.84,-52.8,1,92,2,5,6.37
397,-79.84,-99.89,-59.8,5,85,2,8,4.2
398,-78.99,-93.18,-64.8,3,90,2,5,2.57
399,-74.41,-96.81,-52,0,96,1,3,10.37
400,-74.61,-99.61,-49.6,1,95,0,4,8.31
401,-76.81,-99.02,-54.6,2,90,3,5,3.38
402,-71.32,-88.04,-54.6,5,84,2,9,3.66
403,-72.19,-95.19,-49.2,1,97,0,2,9.9
404,-80.06,-95.72,-64.4,2,90,2,6,2.16
405,-71.38,-92.16,-50.6,0,95,3,2,11.84
406,-76.63,-95.05,-58.2,3,86,1,10,2.48
407,-73.76,-93.31,-54.2,1,92,1,6,7.58
408,-77.43,-99.86,-55,0,91,1,8,5.12
409,-73.77,-92.75,-54.8,1,93,1,5,5.58
410,-74.55,-96.5,-52.6,0,99,0,1,4.01
411,-75.02,-93.85,-56.2,0,92,3,5,7.54
412,-75.25,-94.71,-55.8,0,93,1,6,6.09
413,-75.49,-98.38,-52.6,1,93,0,6,7.87
414,-72.73,-95.86,-49.6,0,97,1,2,5.27
415,-79.03,-99.25,-58.8,3,90,2,5,3.64
416,-75.15,-99.89,-50.4,0,96,0,4,7.72
417,-74.4,-97.8,-51,1,99,0,0,10.89
418,-73.59,-99.79,-47.4,1,98,0,1,5.49
419,-74.65,-98.29,-51,0,97,0,3,9.42
420,-72.36,-96.93,-47.8,1,98,0,1,10.27
421,-76.18,-94.95,-57.4,4,90,0,6,2.46
422,-76.1,-99.8,-52.4,0,99,0,1,7.72
423,-79.08,-93.76,-64.4,2,93,1,4,1.41
424,-67.96,-88.12,-47.8,0,97,1,2,8.85
425,-75.25,-96.69,-53.8,1,94,2,3,4.84
426,-76.17,-99.94,-52.4,1,95,0,4,6.61
427,-74.23,-96.67,-51.8,1,94,1,4,5.41
428,-75.81,-99.23,-52.4,1,95,0,4,5.25
429,-76.79,-99.79,-53.8,1,96,0,3,4.82
430,-73.49,-95.59,-51.4,0,95,1,4,10.1
431,-69.79,-89.77,-49.8,0,97,0,3,7.6
432,-75.46,-99.32,-51.6,0,95,0,5,11.89
433,-74.94,-89.28,-60.6,0,92,1,7,1.63
434,-75.4,-98.41,-52.4,0,99,0,1,9.8
435,-72.9,-90.79,-55,1,97,0,2,8.11
436,-75.92,-99.43,-52.4,1,94,0,5,9.7
437,-71.5,-92.99,-50,1,94,0,5,8.73
438,-72.73,-95.66,-49.8,1,96,1,2,7.34
439,-75.24,-99.68,-50.8,1,93,2,4,6.84
440,-76.16,-99.92,-52.4,0,98,1,1,7.4
441,-72.23,-91.66,-52.8,2,95,1,2,4.16
442,-75.92,-98.84,-53,1,98,0,1,9.29
443,-76.65,-98.7,-54.6,1,94,1,4,2.25
444,-79.93,-95.67,-64.2,1,92,1,6,1.69
445,-74.32,-98.23,-50.4,0,95,2,3,8.17
446,-73.63,-98.06,-49.2,2,93,1,4,7.9
447,-70.67,-88.73,-52.6,0,95,0,5,3.57
448,-75.14,-89.47,-60.8,0,89,3,8,2.37
449,-75.8,-99.8,-51.8,2,94,0,4,4.24
450,-73.78,-99.96,-47.6,0,94,1,5,11.85
451,-75.56,-98.72,-52.4,1,91,3,5,8.76
452,-77.09,-99.58,-54.6,0,96,0,4,3.99
453,-68.54,-82.29,-54.8,0,95,1,4,3.93
454,-75.27,-99.93,-50.6,0,94,1,5,8.5
455,-69.8,-89.4,-50.2,2,90,1,7,5.21
456,-72.86,-91.33,-54.4,0,94,1,5,5.6
457,-71.95,-92.3,-51.6,0,93,1,6,6.64
458,-76.58,-99.77,-53.4,0,93,2,5,6.42
459,-78.79,-98.58,-59,1,90,2,7,2.85
460,-78.26,-96.32,-60.2,2,87,2,9,2.7
461,-79.9,-95.8,-64,2,86,1,11,4.72
462,-77.01,-99.42,-54.6,1,91,2,6,5.36
463,-74.54,-96.08,-53,1,90,2,7,4.96
464,-75.05,-98.1,-52,0,94,1,5,7.89
465,-75.89,-98.58,-53.2,0,95,0,5,9.75
466,-71.64,-91.88,-51.4,0,97,1,2,6.93
467,-74.61,-93.82,-55.4,0,89,0,11,4.35
468,-71.97,-90.15,-53.8,0,94,1,5,5.76
469,-79.03,-99.67,-58.4,3,84,1,12,3.2
470,-77.16,-94.12,-60.2,1,85,2,12,1.79
471,-75.98,-99.35,-52.6,3,86,0,11,5.24
472,-76.7,-98.4,-55,1,88,0,11,5.99
473,-76.37,-98.14,-54.6,0,89,2,9,7.32
474,-74.99,-99.38,-50.6,0,96,0,4,11.54
475,-74.57,-89.74,-59.4,2,86,0,12,1.2
476,-75.57,-95.13,-56,3,82,3,12,1.95
477,-75.74,-98.69,-52.8,0,87,3,10,5.97
478,-71.41,-88.42,-54.4,0,87,0,13,7.35
479,-71.65,-87.09,-56.2,0,92,1,7,3.52
480,-72.22,-96.45,-48,0,96,0,4,7.38
481,-82.6,-99.6,-65.6,3,81,1,15,4.72
482,-73.68,-91.17,-56.2,1,89,0,10,4.24
483,-71.23,-88.85,-53.6,0,92,2,6,8.71
484,-77.69,-98.98,-56.4,1,88,2,9,5.95
485,-75.67,-99.95,-51.4,0,92,1,7,3.98
486,-75.3,-99.4,-51.2,1,91,0,8,7.32
487,-74.65,-86.9,-62.4,0,87,2,11,1.38
488,-75.13,-93.45,-56.8,3,81,3,13,3.82
489,-77.58,-97.95,-57.2,0,88,0,12,4.53
490,-74.9,-91,-58.8,3,83,3,11,5.17
491,-75.28,-99.37,-51.2,0,92,0,8,5.19
492,-75.8,-98.39,-53.2,1,91,2,6,7.77
493,-74.65,-95.5,-53.8,0,91,1,8,6.73
494,-73.78,-92.56,-55,0,91,2,7,5.29
495,-74.22,-91.44,-57,0,94,0,6,3.79
496,-75.03,-86.86,-63.2,3,77,0,20,0.83
497,-77.34,-97.08,-57.6,1,83,2,14,2.85
498,-73.04,-92.28,-53.8,1,92,1,6,6.86
499,-78.63,-96.27,-61,0,80,0,20,1.84
500,-75.6,-99.2,-52,0,86,1,13,8.46
501,-82.24,-96.68,-67.8,1,69,3,27,1.59
502,-74.03,-98.66,-49.4,0,94,0,6,12.54
503,-74.57,-97.34,-51.8,0,92,1,7,7.21
504,-75.96,-94.13,-57.8,0,79,2,19,4.54
505,-73.74,-95.67,-51.8,0,97,0,3,9.79
506,-81.98,-99.17,-64.8,0,78,1,21,1.4
507,-77.88,-99.76,-56,0,85,1,14,7.09
508,-74.72,-93.45,-56,0,89,1,10,8.38
509,-83.31,-99.01,-67.6,1,67,4,28,0.56
510,-73.5,-87.2,-59.8,0,79,1,20,3.6
511,-70.84,-85.29,-56.4,0,80,1,19,4.99
512,-81.99,-95.98,-68,1,68,3,28,2.67
513,-73.92,-90.23,-57.6,0,79,0,21,6.35
514,-73.08,-92.15,-54,0,83,2,15,7.96
515,-69.63,-82.66,-56.6,1,76,0,23,5.08
516,-74.58,-98.36,-50.8,1,81,3,15,10.66
517,-80.55,-99.31,-61.8,0,70,2,28,5.36
518,-77.5,-99.59,-55.4,1,72,2,25,3.77
519,-77.29,-97.39,-57.2,1,73,2,24,9.26
520,-77.68,-99.75,-55.6,0,81,3,16,6.52
521,-77.21,-93.83,-60.6,1,72,1,26,3.68
522,-74.23,-95.46,-53,0,80,0,20,5.94
523,-79.19,-98.37,-60,3,77,0,20,2.88
524,-73.5,-98.41,-48.6,0,89,0,11,8.75
525,-78.32,-99.65,-57,0,81,0,19,5.13
526,-76.63,-98.86,-54.4,0,91,1,8,10.33
527,-75.1,-94.01,-56.2,0,85,1,14,5.2
528,-77.53,-85.86,-69.2,1,71,3,25,1.17
529,-78.86,-85.12,-72.6,1,69,2,28,0.56
530,-74.68,-94.36,-55,0,83,1,16,3.46
531,-74.93,-99.45,-50.4,0,91,0,9,5.68
532,-78.31,-92.42,-64.2,1,76,2,21,1
533,-75.93,-92.65,-59.2,0,84,1,15,4.77
534,-73.31,-95.21,-51.4,0,89,0,11,7.82
535,-74.01,-92.62,-55.4,0,84,4,12,5.97
536,-73.48,-96.56,-50.4,1,91,1,7,8.51
537,-76.75,-94.31,-59.2,0,82,1,17,3.89
538,-79.55,-99.29,-59.8,3,82,0,15,2.18
539,-72.8,-94,-51.6,0,97,0,3,9.48
540,-74.91,-95.03,-54.8,0,95,1,4,7.26
541,-80.83,-97.05,-64.6,2,75,3,20,0.93
542,-70.02,-90.04,-50,0,93,1,6,8.69
543,-77.21,-89.22,-65.2,0,77,1,22,2.51
544,-74.46,-92.72,-56.2,0,89,2,9,4.9
545,-77.62,-91.64,-63.6,0,83,2,15,2.07
546,-75.84,-99.89,-51.8,0,88,0,12,6.92
547,-72.92,-98.03,-47.8,0,94,0,6,11.54
548,-75.9,-96,-55.8,1,84,1,14,5.01
549,-75.79,-97.19,-54.4,1,88,1,10,4.76
550,-73.04,-95.48,-50.6,0,86,2,12,7.12
551,-76.2,-99.21,-53.2,1,86,0,13,6.13
552,-74.66,-97.71,-51.6,1,93,0,6,6.93
553,-75.85,-98.89,-52.8,1,95,2,2,10.39
554,-70.8,-84.6,-57,0,87,0,13,4.64
555,-72.33,-84.27,-60.4,0,92,0,8,4.6
556,-73.87,-98.94,-48.8,0,95,0,5,12.63
557,-71.05,-95.1,-47,0,98,0,2,11.06
558,-79.3,-99.6,-59,2,90,2,6,4.66
559,-71.8,-84.39,-59.2,1,89,3,7,2.71
560,-72.27,-93.35,-51.2,1,93,1,5,4.95
561,-72.9,-88.01,-57.8,1,87,0,12,3.58
562,-75.9,-99.2,-52.6,0,95,1,4,10.43
563,-71.56,-94.12,-49,1,97,1,1,9.52
564,-73.09,-91.99,-54.2,0,97,1,2,5.16
565,-78.17,-97.74,-58.6,0,91,2,7,3.16
566,-72.29,-84.99,-59.6,0,98,0,2,3.82
567,-76,-98.19,-53.8,0,96,0,4,5.57
568,-74.76,-99.52,-50,0,95,0,5,7.41
569,-80.31,-97.22,-63.4,1,92,2,5,2.63
570,-68.64,-88.69,-48.6,0,98,1,1,7.09
571,-75.16,-93.71,-56.6,0,94,1,5,5.11
572,-69.67,-94.15,-45.2,0,97,1,2,11.4
573,-73.97,-90.54,-57.4,0,93,1,6,3.12
574,-71.49,-93.98,-49,0,99,0,1,10.35
575,-75.59,-99.57,-51.6,1,95,1,3,6.74
576,-72.2,-96.6,-47.8,0,92,0,8,6.19
577,-74.51,-99.82,-49.2,0,97,0,3,6.92
578,-69.94,-89.89,-50,1,96,1,2,5.34
579,-70.73,-91.66,-49.8,0,97,0,3,6.89
580,-70.77,-86.53,-55,1,92,1,6,1.58
581,-75.28,-96.96,-53.6,1,95,0,4,5.43
582,-72.93,-99.66,-46.2,0,95,0,5,6.33
583,-73.4,-98.39,-48.4,0,97,0,3,9.58
584,-77.46,-99.51,-55.4,0,92,2,6,3.26
585,-72.22,-93.03,-51.4,0,92,0,8,6.16
586,-79.35,-96.09,-62.6,1,86,3,10,1.29
587,-72.73,-92.47,-53,0,95,1,4,4.76
588,-75.28,-91.56,-59,0,84,1,15,4.43
589,-75.76,-99.71,-51.8,0,91,0,9,10.55
590,-72.92,-86.84,-59,0,85,0,15,5.48
591,-77.68,-99.37,-56,0,89,0,11,5.45
592,-79.39,-99.77,-59,1,81,1,17,2.54
593,-76.3,-92.21,-60.4,1,84,0,15,2.42
594,-75.37,-99.74,-51,0,93,1,6,11.04
595,-73.86,-96.93,-50.8,1,86,1,12,6.82
596,-77.29,-89.79,-64.8,1,78,1,20,1.34
597,-77.31,-96.01,-58.6,1,82,0,17,6.04
598,-71.52,-89.84,-53.2,0,83,0,17,5.91
599,-75.99,-91.38,-60.6,0,75,2,23,3.48
600,-75.31,-97.62,-53,0,92,0,8,7.73
601,-73.09,-89.59,-56.6,2,86,1,11,4.02
602,-72.47,-92.33,-52.6,0,87,0,13,6.92
603,-82.5,-97.6,-67.4,1,72,3,24,4.04
604,-78.11,-99.43,-56.8,0,84,2,14,5.23
605,-73.5,-83.21,-63.8,1,79,0,20,0.61
606,-74.5,-95.61,-53.4,0,89,1,10,4.44
607,-69.43,-90.45,-48.4,1,93,0,6,10.81
608,-70.35,-88.7,-52,0,93,0,7,5.99
609,-76.83,-99.46,-54.2,0,92,0,8,7.7
610,-74.13,-92.26,-56,0,89,1,10,4.2
611,-76.12,-93.05,-59.2,0,90,0,10,6.32
612,-77.16,-98.12,-56.2,0,88,1,11,3.4
613,-83.84,-99.09,-68.6,1,86,2,11,0.91
614,-78.13,-99.65,-56.6,0,91,1,8,5.87
615,-76.55,-99.69,-53.4,1,94,0,5,5.65
616,-72.77,-95.74,-49.8,1,94,0,5,4.61
617,-70,-85.21,-54.8,1,93,0,6,7.09
618,-75.89,-97.17,-54.6,1,92,0,7,8.69
619,-75.66,-99.71,-51.6,1,90,0,9,4.43
620,-78.75,-91.9,-65.6,2,83,1,14,1.95
621,-72.58,-82.16,-63,0,90,0,10,1.07
622,-76.03,-95.46,-56.6,0,90,1,9,4.32
623,-72.61,-90.01,-55.2,1,84,1,14,2.56
624,-74.94,-98.08,-51.8,0,92,1,7,4.7
625,-75.38,-96.76,-54,0,87,0,13,5.9
626,-76.84,-98.27,-55.4,0,93,1,6,5.04
627,-75.9,-90.2,-61.6,0,89,1,10,4.21
628,-73.74,-99.27,-48.2,1,92,0,7,7.66
629,-77.34,-99.68,-55,0,95,1,4,8.47
630,-77.94,-97.87,-58,0,84,0,16,2.34
631,-78.49,-99.19,-57.8,0,84,2,14,5.13
632,-72.69,-92.18,-53.2,1,84,1,14,5.21
633,-73.8,-93.8,-53.8,1,92,0,7,7.88
634,-78.03,-99.06,-57,1,86,1,12,4.52
635,-74.05,-99.91,-48.2,0,92,0,8,9.74
636,-73.27,-91.74,-54.8,1,94,0,5,7.36
637,-70.42,-87.83,-53,0,94,0,6,6.63
638,-78.03,-95.26,-60.8,2,78,2,18,1.71
639,-76.47,-85.34,-67.6,0,78,0,22,4.18
640,-74.35,-96.91,-51.8,0,94,1,5,7.08
641,-72.87,-92.55,-53.2,2,93,0,5,9.95
642,-73.13,-99.47,-46.8,0,97,1,2,13.48
643,-72.19,-82.57,-61.8,4,82,0,14,1.57
644,-78.25,-99.09,-57.4,0,85,1,14,3.56
645,-74.43,-98.65,-50.2,0,96,0,4,5.7
646,-76.03,-97.86,-54.2,1,93,1,5,5.43
647,-73.33,-97.87,-48.8,0,96,0,4,8.51
648,-72.98,-95.16,-50.8,1,97,0,2,11.49
649,-68.56,-85.32,-51.8,0,97,1,2,5.6
650,-75.34,-89.48,-61.2,0,90,0,10,1.36
651,-71.18,-91.56,-50.8,0,97,1,2,4.08
652,-80.69,-98.17,-63.2,1,95,1,3,1.25
653,-74.75,-98.51,-51,0,97,1,2,7.7
654,-79.51,-98.02,-61,0,95,0,5,0.92
655,-72.96,-94.12,-51.8,0,100,0,0,8.76
656,-79.04,-99.29,-58.8,2,96,0,2,3.38
657,-74.29,-94.98,-53.6,0,98,0,2,5.38
658,-74.65,-96.49,-52.8,0,100,0,0,7.07
659,-70.79,-95.19,-46.4,0,99,0,1,8.66
660,-74.64,-93.88,-55.4,0,96,0,4,5.45
661,-78.6,-98.8,-58.4,1,98,1,0,2.64
662,-72.39,-91.98,-52.8,0,99,0,1,7.28
663,-82.93,-96.66,-69.2,0,97,0,3,2.08
664,-75.19,-94.58,-55.8,0,100,0,0,1.85
665,-74.61,-95.41,-53.8,1,97,2,0,2.5
666,-71.62,-93.24,-50,0,99,0,1,6.09
667,-73.15,-86.5,-59.8,0,100,0,0,2.69
668,-74.64,-96.08,-53.2,0,97,1,2,5.04
669,-71.57,-91.13,-52,0,99,0,1,7.3
670,-73.82,-95.64,-52,0,99,0,1,7.56
671,-70.97,-88.53,-53.4,0,95,0,5,3.25
672,-68.87,-89.13,-48.6,0,100,0,0,12.34
673,-73.85,-99.69,-48,0,98,0,2,7.96
674,-75.13,-91.25,-59,0,100,0,0,5.12
675,-74.89,-96.77,-53,0,98,0,2,5.84
676,-70.4,-93.59,-47.2,0,100,0,0,8.26
677,-73.42,-99.64,-47.2,0,99,0,1,8.18
678,-74.23,-94.85,-53.6,2,97,0,1,4.53
679,-70.1,-87.4,-52.8,0,99,0,1,6.14
680,-78.78,-99.75,-57.8,0,100,0,0,3.43
681,-75.55,-99.9,-51.2,1,99,0,0,5.99
682,-74.34,-96.69,-52,1,99,0,0,8.88
683,-77.24,-99.68,-54.8,0,98,1,1,5.5
684,-74.1,-96.99,-51.2,0,100,0,0,6.66
685,-75.8,-98.21,-53.4,0,99,1,0,6.26
686,-80.52,-98.84,-62.2,0,100,0,0,6.49
687,-79.87,-98.55,-61.2,1,94,1,4,2.5
688,-69.52,-89.85,-49.2,1,99,0,0,8.08
689,-75.29,-94.19,-56.4,0,98,0,2,3.02
690,-70.86,-88.32,-53.4,0,100,0,0,6.78
691,-75.53,-94.06,-57,0,98,0,2,4.66
692,-74.41,-93.02,-55.8,0,99,0,1,6.17
693,-79.04,-99.09,-59,0,98,1,1,3.14
694,-76.06,-94.92,-57.2,1,98,1,0,2.03
695,-76.81,-93.81,-59.8,1,97,1,1,4.24
696,-69,-85.2,-52.8,0,95,1,4,5.78
697,-73.33,-99.65,-47,1,98,0,1,8.56
698,-78.15,-98.29,-58,0,97,0,3,5.63
699,-68.24,-85.27,-51.2,0,97,0,3,5.79
700,-71.36,-93.32,-49.4,0,100,0,0,9.9
701,-71.89,-85.18,-58.6,1,97,0,2,1.08
702,-77.91,-95.01,-60.8,0,98,1,1,3.91
703,-74.9,-98.8,-51,0,100,0,0,5.6
704,-77.1,-96.39,-57.8,2,96,0,2,4.54
705,-74.36,-94.52,-54.2,0,98,0,2,6.96
706,-77.72,-99.23,-56.2,1,97,2,0,4.68
707,-69.19,-83.58,-54.8,2,97,0,1,6.35
708,-73.59,-95.78,-51.4,0,99,0,1,7.32
709,-74.26,-94.52,-54,1,96,1,2,4.48
710,-70.99,-87.77,-54.2,0,98,1,1,4.15
711,-72.13,-86.87,-57.4,0,96,0,4,5.08
712,-74.38,-93.57,-55.2,1,99,0,0,6.57
713,-72.08,-90.75,-53.4,0,97,1,2,3.76
714,-71,-93.61,-48.4,0,100,0,0,8.83
715,-83.29,-96.39,-70.2,0,98,0,2,0.46
716,-79.64,-96.47,-62.8,1,95,2,2,2.57
717,-80.99,-99.37,-62.6,0,99,0,1,4.26
718,-76.8,-98.41,-55.2,0,100,0,0,5.67
719,-74.38,-95.55,-53.2,0,100,0,0,4.58
720,-79.16,-95.52,-62.8,1,95,1,3,4.19
721,-76.29,-98.19,-54.4,0,97,0,3,4.42
722,-74.94,-97.67,-52.2,1,98,1,0,8.48
723,-75.26,-96.32,-54.2,0,100,0,0,3.55
724,-71.6,-92.21,-51,1,99,0,0,6.9
725,-72.3,-96.21,-48.4,0,100,0,0,5.37
726,-77.63,-88.66,-66.6,0,95,3,2,2.05
727,-77.68,-99.56,-55.8,0,99,0,1,6.44
728,-75.29,-96.37,-54.2,0,99,1,0,10.38
729,-80.52,-99.24,-61.8,1,97,0,2,2.58
730,-76.14,-92.49,-59.8,0,98,1,1,2.29
731,-76.25,-99.71,-52.8,1,97,0,2,3.62
732,-76,-90.19,-61.8,0,99,0,1,0.58
733,-71.25,-94.11,-48.4,0,99,0,1,9.4
734,-77.26,-98.91,-55.6,2,98,0,0,6.42
735,-74.82,-97.65,-52,0,98,0,2,8.2
736,-73.78,-93.95,-53.6,0,99,1,0,3.28
737,-72.98,-99.57,-46.4,0,99,0,1,15.46
738,-73.51,-96.62,-50.4,0,100,0,0,4.95
739,-75.02,-99.84,-50.2,0,99,1,0,5.77
740,-69.12,-83.24,-55,0,100,0,0,2.08
741,-79.99,-99.79,-60.2,0,99,1,0,4.27
742,-73.02,-92.03,-54,0,100,0,0,3.87
743,-75.41,-98.23,-52.6,0,100,0,0,4.9
744,-76.52,-98.84,-54.2,0,99,0,1,4.7
745,-70.38,-91.76,-49,0,100,0,0,8.74
746,-77.71,-96.82,-58.6,0,98,0,2,2.03
747,-71.89,-86.18,-57.6,0,100,0,0,2.16
748,-75.34,-97.27,-53.4,0,100,0,0,7.15
749,-74.89,-99.59,-50.2,0,100,0,0,9.04
750,-74.95,-97.09,-52.8,0,98,0,2,5.26
751,-75.58,-99.36,-51.8,0,100,0,0,4.13
752,-74.99,-88.98,-61,0,98,1,1,1.44
753,-74.69,-98.57,-50.8,0,100,0,0,2.23
754,-74.91,-90.22,-59.6,0,100,0,0,2.54
755,-78.11,-92.21,-64,1,98,0,1,1.16
756,-72.6,-96,-49.2,0,100,0,0,7.52
757,-75.99,-99.37,-52.6,0,100,0,0,12.52
758,-73.37,-92.55,-54.2,0,100,0,0,5.22
759,-80.65,-98.9,-62.4,1,98,0,1,3.39
760,-71.71,-91.61,-51.8,1,99,0,0,4.09
761,-75.16,-94.92,-55.4,0,98,2,0,3.01
762,-72.37,-95.34,-49.4,0,100,0,0,7.02
763,-74.32,-93.04,-55.6,0,99,0,1,3.25
764,-82.48,-99.15,-65.8,0,97,0,3,2.41
765,-71.9,-93.01,-50.8,0,100,0,0,6.72
766,-74.92,-99.43,-50.4,0,100,0,0,10.4
767,-70.52,-89.85,-51.2,1,99,0,0,5.08
768,-73.4,-95,-51.8,0,100,0,0,6.29
769,-76.53,-93.85,-59.2,0,99,1,0,1.2
770,-70.44,-86.69,-54.2,0,100,0,0,6.16
771,-74.84,-93.07,-56.6,0,100,0,0,5.38
772,-69.24,-82.47,-56,0,99,0,1,3.62
773,-80.81,-95.61,-66,0,100,0,0,0.69
774,-72.95,-85.89,-60,0,100,0,0,0.92
775,-70.98,-88.96,-53,1,99,0,0,5.15
776,-77.62,-99.85,-55.4,0,100,0,0,3.21
777,-78.64,-99.28,-58,0,98,1,1,4.4
778,-70.85,-91.91,-49.8,0,100,0,0,6.62
779,-73.98,-98.36,-49.6,0,100,0,0,6.68
780,-74.35,-98.51,-50.2,1,97,1,1,4.67
781,-73.59,-97.58,-49.6,0,99,0,1,9.43
782,-74.78,-92.36,-57.2,0,99,1,0,2.6
783,-72.26,-98.33,-46.2,0,100,0,0,7.39
784,-77.49,-95.79,-59.2,0,100,0,0,1.91
785,-75.06,-99.91,-50.2,0,100,0,0,13.17
786,-76.32,-99.64,-53,0,99,0,1,6.99
787,-75.7,-98.99,-52.4,0,99,0,1,9.99
788,-72.88,-97.16,-48.6,0,98,1,1,7.29
789,-75.48,-99.36,-51.6,0,99,1,0,5.32
790,-72.14,-96.09,-48.2,1,99,0,0,9.97
791,-73.38,-96.37,-50.4,0,100,0,0,7.13
792,-77.32,-99.84,-54.8,0,97,1,2,7.12
793,-71.73,-91.07,-52.4,0,100,0,0,9.99
794,-74.56,-98.72,-50.4,0,100,0,0,6.75
795,-71.3,-92.2,-50.4,1,97,0,2,7.79
796,-73.04,-94.88,-51.2,0,100,0,0,10.28
797,-71.78,-90.37,-53.2,0,100,0,0,3.48
798,-82.69,-99.78,-65.6,1,99,0,0,0.63
799,-74.42,-99.64,-49.2,0,100,0,0,6.02
800,-73.39,-87.17,-59.6,0,100,0,0,2.49
801,-74.5,-96.4,-52.6,0,100,0,0,7.53
802,-76.71,-99.62,-53.8,0,100,0,0,4.33
803,-74.95,-99.31,-50.6,0,100,0,0,4
804,-70.87,-90.94,-50.8,0,100,0,0,5.55
805,-74.09,-98.58,-49.6,0,100,0,0,9.95
806,-75.47,-98.55,-52.4,0,100,0,0,9.34
807,-77.25,-99.11,-55.4,0,99,0,1,5.68
808,-74.46,-99.53,-49.4,0,100,0,0,12.24
809,-79.81,-97.42,-62.2,0,98,1,1,2.66
810,-69.23,-88.66,-49.8,1,99,0,0,6.79
811,-73.91,-91.62,-56.2,0,97,0,3,2.68
812,-75.28,-95.16,-55.4,0,99,1,0,1.67
813,-68.07,-84.73,-51.4,0,99,1,0,8.32
814,-72.15,-86.5,-57.8,0,100,0,0,2.26
815,-74.25,-99.11,-49.4,0,100,0,0,6.95
816,-74.8,-94.6,-55,0,100,0,0,4.88
817,-75.6,-99.4,-51.8,1,97,1,1,7.35
818,-71.15,-88.7,-53.6,0,100,0,0,7.89
819,-74.32,-93.05,-55.6,0,99,1,0,5.25
820,-71.26,-90.32,-52.2,0,100,0,0,4.91
821,-74.74,-97.69,-51.8,0,100,0,0,6.14
822,-76.47,-99.33,-53.6,0,100,0,0,7.37
823,-74.2,-99.39,-49,0,99,1,0,7.48
824,-70.25,-90.5,-50,0,100,0,0,7.11
825,-73.8,-96.79,-50.8,0,100,0,0,4.38
826,-76.75,-97.5,-56,0,100,0,0,1.85
827,-75.6,-95.39,-55.8,0,100,0,0,4.26
828,-82.38,-98.17,-66.6,1,98,1,0,0.99
829,-76.75,-99.1,-54.4,0,100,0,0,7.53
830,-72.18,-93.35,-51,0,100,0,0,10.15
831,-75.98,-99.16,-52.8,1,99,0,0,3.79
832,-72.44,-93.48,-51.4,0,100,0,0,9.13
833,-74.25,-91.69,-56.8,0,100,0,0,5.11
834,-77.82,-98.63,-57,0,100,0,0,4.81
835,-73.04,-96.87,-49.2,0,100,0,0,5.83
836,-71.62,-94.44,-48.8,0,100,0,0,7.17
837,-74.85,-97.91,-51.8,1,99,0,0,6.07
838,-77.41,-99.83,-55,0,98,1,1,6.11
839,-72.19,-87.57,-56.8,0,98,1,1,3.67
840,-71.63,-92.86,-50.4,0,99,0,1,5.29
841,-76.56,-94.32,-58.8,0,99,0,1,4.82
842,-77.32,-94.43,-60.2,0,99,0,1,4.52
843,-71.67,-94.54,-48.8,0,99,1,0,6.57
844,-73.7,-96,-51.4,0,100,0,0,3.61
845,-74.52,-93.83,-55.2,0,100,0,0,4.02
846,-73.41,-92.22,-54.6,0,100,0,0,5.2
847,-73.18,-97.37,-49,0,100,0,0,8.61
848,-78.64,-99.89,-57.4,0,100,0,0,4.92
849,-73.75,-95.7,-51.8,0,100,0,0,4.83
850,-80.42,-99.23,-61.6,0,100,0,0,1.33
851,-74.71,-92.62,-56.8,0,100,0,0,3.09
852,-72.87,-90.94,-54.8,0,100,0,0,5.4
853,-68.83,-89.45,-48.2,0,100,0,0,6.35
854,-76.11,-99.83,-52.4,0,99,0,1,3.01
855,-78.02,-95.25,-60.8,0,100,0,0,2.32
856,-75.6,-97,-54.2,0,99,1,0,6.41
857,-71.18,-90.55,-51.8,0,100,0,0,5.58
858,-70.56,-78.72,-62.4,0,100,0,0,1.79
859,-68.62,-87.24,-50,0,100,0,0,6.71
860,-77.32,-92.65,-62,0,100,0,0,2.85
861,-73.95,-94.7,-53.2,0,99,1,0,6.99
862,-74.52,-98.83,-50.2,1,98,1,0,4.92
863,-73.93,-97.87,-50,0,100,0,0,12.49
864,-68.19,-85.18,-51.2,0,100,0,0,9.8
865,-70.75,-86.1,-55.4,0,98,1,1,4.45
866,-73.49,-92.18,-54.8,0,100,0,0,6.08
867,-76,-98.8,-53.2,0,100,0,0,5.11
868,-70.64,-93.88,-47.4,0,100,0,0,10.18
869,-73.44,-98.68,-48.2,0,100,0,0,9.22
870,-69.3,-87.21,-51.4,0,100,0,0,4.24
871,-74.26,-98.93,-49.6,0,100,0,0,9
872,-75.38,-94.96,-55.8,1,99,0,0,5.49
873,-75.1,-97.99,-52.2,0,100,0,0,3.79
874,-74.6,-95.61,-53.6,0,100,0,0,7.8
875,-74.8,-99,-50.6,0,100,0,0,6.68
876,-75.56,-98.52,-52.6,0,99,0,1,6.31
877,-70.88,-82.95,-58.8,0,100,0,0,1.5
878,-76.45,-90.71,-62.2,0,100,0,0,0.81
879,-70.09,-80.18,-60,0,100,0,0,1.78
880,-78.37,-99.73,-57,0,99,0,1,10.27
881,-73.84,-98.08,-49.6,0,100,0,0,8.08
882,-73.19,-93.57,-52.8,1,99,0,0,5.87
883,-76.64,-97.27,-56,0,100,0,0,2.94
884,-76.02,-99.44,-52.6,0,100,0,0,3.41
885,-75.38,-95.16,-55.6,0,98,1,1,5.27
886,-75.13,-91.06,-59.2,0,100,0,0,1.51
887,-77.6,-98.19,-57,0,99,0,1,5.29
888,-71.51,-92.03,-51,0,100,0,0,6.44
889,-76.45,-98.91,-54,0,100,0,0,4.51
890,-75.74,-96.49,-55,0,100,0,0,1.62
891,-73.78,-90.77,-56.8,0,100,0,0,1.05
892,-77.16,-99.32,-55,1,99,0,0,6.04
893,-72.97,-99.94,-46,0,100,0,0,12.54
894,-72.53,-99.46,-45.6,0,100,0,0,11.07
895,-71.84,-89.47,-54.2,0,100,0,0,3.97
896,-73.78,-99.15,-48.4,0,100,0,0,8.45
897,-75.28,-98.96,-51.6,0,99,0,1,4.62
898,-73.2,-98.8,-47.6,0,100,0,0,8.22
899,-76.98,-95.77,-58.2,0,100,0,0,2.53
900,-74.71,-97.81,-51.6,0,99,1,0,8.46
901,-76.74,-99.48,-54,0,100,0,0,3.92
902,-76.62,-98.85,-54.4,0,100,0,0,4.18
903,-70.67,-88.94,-52.4,0,100,0,0,3.66
904,-77.29,-98.97,-55.6,1,99,0,0,5.05
905,-68.54,-87.07,-50,1,99,0,0,3.56
906,-72.6,-84,-61.2,0,100,0,0,0.95
907,-80.51,-98.63,-62.4,0,100,0,0,3.39
908,-75.43,-99.65,-51.2,0,100,0,0,3.56
909,-71.05,-89.9,-52.2,0,100,0,0,3.79
910,-75.17,-99.33,-51,0,100,0,0,5.34
911,-75,-92,-58,0,100,0,0,2.04
912,-73.35,-93.7,-53,0,100,0,0,5.56
913,-70.04,-90.09,-50,0,100,0,0,6.62
914,-76.63,-98.86,-54.4,0,100,0,0,2.21
915,-72.42,-94.43,-50.4,0,100,0,0,10.17
916,-75.25,-85.91,-64.6,0,100,0,0,2.89
917,-72.29,-95.38,-49.2,0,99,1,0,10.78
918,-69.82,-93.45,-46.2,0,100,0,0,10.98
919,-73.03,-98.65,-47.4,0,100,0,0,9.22
920,-72.12,-91.43,-52.8,0,100,0,0,10.13
921,-69.92,-84.64,-55.2,0,100,0,0,3.35
922,-73.32,-94.23,-52.4,1,98,0,1,7.37
923,-75.53,-96.46,-54.6,0,99,0,1,7.91
924,-75.87,-93.95,-57.8,0,99,1,0,1.7
925,-73.98,-96.36,-51.6,0,99,1,0,5.79
926,-77.18,-99.16,-55.2,0,100,0,0,5.79
927,-75.06,-99.11,-51,0,100,0,0,5.06
928,-70.42,-82.84,-58,0,100,0,0,2.61
929,-70.96,-93.71,-48.2,0,100,0,0,10.8
930,-77.21,-92.82,-61.6,1,98,0,1,1.21
931,-74.74,-93.69,-55.8,0,100,0,0,2.83
932,-74.79,-99.57,-50,0,99,1,0,11.54
933,-75.93,-99.66,-52.2,0,100,0,0,6.78
934,-74.52,-90.05,-59,0,100,0,0,1.69
935,-77.24,-99.87,-54.6,0,100,0,0,8.89
936,-75.45,-99.9,-51,0,100,0,0,8.6
937,-74.97,-99.14,-50.8,0,100,0,0,10.78
938,-73.09,-92.98,-53.2,0,100,0,0,5.79
939,-76.29,-89.38,-63.2,0,100,0,0,0.75
940,-73.1,-94.79,-51.4,0,100,0,0,9.2
941,-72.44,-92.29,-52.6,0,100,0,0,8.44
942,-71.26,-94.72,-47.8,0,100,0,0,6.91
943,-77.92,-99.24,-56.6,0,100,0,0,5.57
944,-74.11,-86.61,-61.6,0,100,0,0,2.32
945,-70.29,-96.59,-44,0,100,0,0,10.67
946,-71.05,-78.3,-63.8,0,100,0,0,1.06
947,-80.09,-99.59,-60.6,0,99,1,0,2.24
948,-76.46,-99.71,-53.2,0,100,0,0,3.38
949,-74.77,-99.13,-50.4,0,100,0,0,6.78
950,-70.73,-93.07,-48.4,0,100,0,0,10.42
951,-80.58,-97.35,-63.8,0,99,1,0,1.66
952,-74.25,-89.3,-59.2,0,99,0,1,5.22
953,-74.54,-99.48,-49.6,0,99,1,0,11.79
954,-76.95,-95.3,-58.6,1,98,0,1,3.42
955,-70.91,-93.02,-48.8,0,100,0,0,7.99
956,-78.31,-99.82,-56.8,0,100,0,0,3.61
957,-76.06,-94.52,-57.6,0,100,0,0,2.3
958,-75.08,-83.76,-66.4,0,100,0,0,0.71
959,-78.34,-98.88,-57.8,0,100,0,0,7.08
960,-76.45,-99.29,-53.6,0,100,0,0,3.81
961,-73.42,-98.84,-48,0,100,0,0,10.91
962,-77.89,-99.18,-56.6,2,95,1,2,3.17
963,-73,-97.2,-48.8,0,100,0,0,12.65
964,-72.54,-96.88,-48.2,0,100,0,0,11.37
965,-72.77,-89.93,-55.6,1,98,1,0,4.48
966,-77.5,-99.8,-55.2,0,100,0,0,2.98
967,-73.03,-96.46,-49.6,0,100,0,0,13.89
968,-71.44,-95.69,-47.2,0,100,0,0,13.15
969,-69.99,-90.78,-49.2,1,99,0,0,4.94
970,-73.56,-95.93,-51.2,0,100,0,0,8.29
971,-74.4,-99.19,-49.6,0,99,0,1,9.68
972,-71.36,-91.53,-51.2,0,100,0,0,6.24
973,-71.63,-93.47,-49.8,0,100,0,0,9.7
974,-72.84,-99.49,-46.2,0,100,0,0,11.94
975,-72.41,-91.23,-53.6,0,98,2,0,2.81
976,-81.51,-99.82,-63.2,0,100,0,0,3.86
977,-73.83,-96.25,-51.4,0,100,0,0,3.08
978,-75.54,-99.88,-51.2,0,100,0,0,10.08
979,-71.65,-79.89,-63.4,1,98,1,0,2.68
980,-75.67,-93.74,-57.6,0,100,0,0,2.57
981,-73.87,-98.34,-49.4,0,99,1,0,3.42
982,-75.07,-99.94,-50.2,0,100,0,0,6.68
983,-73.38,-91.35,-55.4,1,98,0,1,2.25
984,-72.17,-90.54,-53.8,0,100,0,0,4.63
985,-74.7,-99.79,-49.6,0,100,0,0,7.78
986,-80.2,-99.79,-60.6,0,100,0,0,2.67
987,-75.17,-99.93,-50.4,0,100,0,0,7.76
988,-73.68,-93.37,-54,0,100,0,0,3.72
989,-72.89,-96.58,-49.2,0,100,0,0,6.14
990,-74.42,-87.65,-61.2,0,100,0,0,3.82
991,-75.45,-99.51,-51.4,0,100,0,0,11.15
992,-76.06,-98.71,-53.4,0,100,0,0,6.51
993,-74.73,-98.07,-51.4,1,96,3,0,5.13
994,-75.73,-95.25,-56.2,0,100,0,0,4.83
995,-74.25,-95.49,-53,1,99,0,0,8.97
996,-80.52,-98.63,-62.4,2,98,0,0,2.31
997,-73.8,-95.81,-51.8,0,100,0,0,9.81
998,-74.4,-92,-56.8,0,100,0,0,2.38
999,-77.38,-99.55,-55.2,0,99,1,0,5.12
1000,-76.37,-99.93,-52.8,0,100,0,0,7.38
